PATIENT_ID,KEAP1,FLNA,OR5D13,PEG3,ADAMTSL3,OR2M3,CMYA5,SPAG17,CENPF,ADAMTS20,ZNF479,VPS13B,NLRP3,NRCAM,ABCA12,DOCK10,BCHE,RBP3,CSMD1,CSMD3,RYR2,index,KRAS,MUC16,TLL1,ANK2,CNTNAP2,TP53,PARD3B,DMBT1,TMB,RYR1,RP1L1,SPTA1,LRRC7,USH2A,EGFR,FAM83B,STK11,TTN,LRP1B,PLEC,DST
TCGA-05-4249,0,0,0,0,0,0,0,0,0,0,0,0,0,0,0,0,0,0,0,1,1,1,1,1,0,0,0,0,0,0,7.052631578947368,0,1,1,0,1,0,0,0,1,1,0,0
TCGA-05-4382,0,0,0,0,0,0,0,0,0,0,0,0,1,0,0,0,0,0,0,1,1,3,0,1,1,1,1,1,0,0,28.710526315789473,0,1,1,0,1,1,1,0,1,1,0,0
TCGA-05-4384,1,0,0,0,0,0,0,0,0,0,0,0,0,0,0,0,0,0,0,0,1,4,0,0,0,0,0,0,0,0,2.5789473684210527,0,0,0,0,0,0,0,0,0,0,0,0
TCGA-05-4389,1,0,0,0,0,0,0,0,0,0,0,0,0,0,0,0,0,0,0,1,1,5,0,0,0,1,0,0,0,0,4.131578947368421,1,0,0,1,0,0,0,0,1,1,0,0
TCGA-05-4390,0,1,0,1,0,0,0,1,0,0,0,0,0,0,0,0,0,0,0,1,0,6,1,0,0,0,0,0,0,0,12.263157894736842,0,0,1,0,1,0,0,0,1,0,0,0
TCGA-05-4398,0,0,0,0,0,0,0,0,0,0,0,0,0,0,0,0,0,0,0,1,1,10,0,1,0,0,1,1,0,0,12.631578947368421,0,1,0,1,1,0,0,0,0,1,0,0
TCGA-05-4402,0,0,0,0,0,0,0,0,0,0,0,0,0,0,0,0,0,0,0,1,0,11,0,0,0,0,0,1,0,0,1.2894736842105263,0,0,1,0,0,1,0,0,0,0,0,0
TCGA-05-4405,0,0,0,0,0,0,0,0,0,0,0,0,0,0,0,0,0,0,0,1,1,13,0,1,0,1,0,1,0,0,7.026315789473684,1,0,0,0,0,0,0,0,0,1,0,0
TCGA-05-4415,0,0,0,1,0,0,0,0,0,0,0,0,0,0,1,0,0,0,0,0,0,15,1,0,0,1,0,0,0,1,4.631578947368421,0,1,0,0,0,0,0,1,1,0,0,0
TCGA-05-4417,0,0,0,0,0,0,0,0,0,0,0,0,0,0,1,0,0,0,0,1,0,16,1,1,0,0,0,0,0,0,6.2368421052631575,0,0,1,0,0,0,0,1,1,0,0,0
TCGA-05-4420,0,0,0,0,0,0,0,1,0,1,0,0,0,1,0,0,0,0,0,0,0,18,0,1,0,0,0,1,0,0,6.2368421052631575,0,0,0,0,0,0,0,0,0,0,0,1
TCGA-05-4424,0,0,0,1,0,0,0,0,0,0,0,0,0,0,1,0,0,0,0,1,0,20,0,1,1,0,0,1,0,0,12.5,0,1,1,0,1,0,1,0,1,1,0,0
TCGA-05-4427,0,0,0,0,1,1,0,0,0,1,1,0,0,0,0,0,0,0,0,1,1,23,1,1,0,0,1,1,0,0,21.5,1,1,1,1,1,0,0,0,1,1,0,0
TCGA-05-4432,0,0,0,1,0,0,0,0,0,1,0,1,0,0,0,0,0,0,1,1,1,25,0,0,0,0,0,1,0,0,10.710526315789474,0,0,0,0,0,0,0,0,1,1,0,0
TCGA-05-5425,0,0,0,0,0,0,0,0,0,1,0,0,0,0,0,0,0,1,1,1,0,29,0,1,0,0,0,1,0,1,11.105263157894736,0,0,1,0,1,0,0,1,1,1,0,0
TCGA-05-5428,0,0,0,0,0,0,0,0,0,0,0,0,0,0,0,0,0,0,0,1,0,30,0,1,1,0,0,1,0,0,8.342105263157896,0,0,1,1,0,0,0,0,0,0,0,0
TCGA-38-4625,0,1,0,0,0,0,0,0,0,0,1,0,0,0,0,0,0,0,1,1,1,37,0,1,0,0,0,0,0,0,12.710526315789474,0,1,0,1,0,0,0,0,1,1,0,0
TCGA-38-4626,0,0,0,0,0,0,0,0,0,0,1,0,0,0,0,0,0,0,0,0,1,38,0,1,0,0,0,0,0,0,1.5789473684210527,0,0,0,0,0,0,0,0,0,1,0,0
TCGA-38-4627,0,0,0,0,0,0,0,0,0,0,0,0,0,0,0,0,0,0,0,0,0,39,0,0,0,0,0,0,0,0,0.39473684210526316,0,0,0,0,0,1,0,0,0,0,0,0
TCGA-38-4628,0,0,0,0,0,0,0,0,0,0,0,0,0,0,0,0,0,0,0,0,0,40,0,0,0,0,0,0,0,0,2.289473684210526,0,0,0,0,0,1,0,0,0,0,0,0
TCGA-38-4631,1,1,0,0,0,0,0,0,0,0,0,0,1,0,0,0,0,1,0,1,1,41,0,1,0,0,0,0,0,0,16.07894736842105,0,1,1,1,1,0,0,0,1,1,1,0
TCGA-38-4632,0,0,0,1,1,0,0,0,0,0,0,0,0,0,0,0,0,0,0,1,1,42,0,0,0,1,0,1,0,0,10.605263157894736,1,1,1,0,0,0,0,0,1,1,0,0
TCGA-38-7271,0,0,0,0,0,0,0,0,0,0,0,0,0,0,0,0,0,0,0,0,0,44,0,0,0,0,0,0,0,0,0.631578947368421,0,0,0,0,0,0,0,0,1,0,0,0
TCGA-38-A44F,0,0,0,0,0,0,0,0,0,0,0,0,0,0,0,0,0,0,0,0,0,45,0,0,0,0,0,0,0,0,0.05263157894736842,0,0,0,0,0,0,0,0,0,0,0,0
TCGA-44-2655,1,0,0,0,0,0,0,0,0,0,0,0,0,1,0,0,0,0,0,0,1,46,0,1,0,0,0,0,0,0,3.1578947368421053,0,0,0,0,0,0,0,0,0,0,0,0
TCGA-44-2656,0,0,0,0,0,0,0,0,0,0,0,1,1,0,0,0,0,0,1,1,0,47,0,1,1,0,1,1,0,0,16.86842105263158,0,0,0,1,1,0,0,0,0,0,1,0
TCGA-44-2657,0,0,0,0,0,0,0,0,0,0,0,0,0,0,0,0,0,0,1,0,1,48,0,0,0,0,1,0,0,0,7.2105263157894735,0,0,1,0,1,0,0,0,0,0,0,0
TCGA-44-2659,0,0,0,0,0,0,0,0,0,0,0,0,0,1,0,0,0,0,1,0,1,49,0,1,0,0,0,1,0,0,9.473684210526315,0,0,1,0,1,0,0,0,1,0,0,1
TCGA-44-2662,0,0,0,0,0,0,0,0,0,0,0,0,0,0,0,0,1,0,0,0,0,50,0,1,0,0,0,1,0,0,3.736842105263158,0,0,0,0,0,0,0,0,1,0,0,0
TCGA-44-2665,0,0,0,0,0,0,0,0,0,0,0,0,0,0,0,0,0,0,0,0,0,51,0,0,0,0,0,0,0,0,0.8157894736842105,0,0,0,0,0,0,0,0,0,0,0,0
TCGA-44-2666,0,0,0,0,0,0,0,0,0,0,0,0,0,0,0,0,0,0,0,0,0,52,0,0,0,0,0,0,0,0,0.5263157894736842,0,0,0,0,0,0,0,0,0,0,0,0
TCGA-44-2668,0,0,0,1,0,0,0,0,0,1,1,0,0,0,0,0,1,0,0,0,0,53,0,1,0,1,1,1,0,0,6.842105263157895,0,0,1,0,1,0,0,0,0,0,0,0
TCGA-44-3396,0,0,0,0,0,0,0,0,0,1,0,0,0,0,0,0,0,0,0,0,0,54,0,0,0,0,0,1,0,0,2.8684210526315788,0,1,0,0,0,0,0,0,0,0,0,1
TCGA-44-3398,0,0,0,0,0,0,0,0,0,0,0,0,0,0,0,0,0,0,0,0,0,55,0,1,0,0,0,0,0,0,2.026315789473684,1,0,0,0,0,0,0,0,0,0,1,1
TCGA-44-3917,1,0,0,0,0,0,0,1,0,0,0,0,0,0,0,1,0,0,0,0,0,56,1,0,0,0,0,1,0,0,4.7631578947368425,0,0,1,0,1,0,0,0,1,0,1,0
TCGA-44-3918,0,0,0,0,0,0,0,0,0,0,1,0,0,1,1,0,0,0,0,1,0,57,0,1,0,1,0,1,0,0,18.026315789473685,0,0,1,1,1,0,0,0,1,1,0,1
TCGA-44-3919,0,0,0,0,0,0,0,0,0,0,0,0,0,0,0,0,0,0,0,0,0,58,0,0,0,0,0,0,0,0,0.7894736842105263,0,0,0,0,0,0,0,0,0,0,0,0
TCGA-44-4112,0,0,0,0,0,0,0,1,0,0,0,0,1,0,0,0,0,0,1,1,0,59,0,1,0,1,0,0,0,0,10.289473684210526,1,0,0,0,0,0,0,0,1,1,1,0
TCGA-44-5643,0,0,0,0,0,0,0,0,0,0,0,0,0,0,0,0,0,0,0,1,0,60,0,1,0,0,0,0,0,0,2.8157894736842106,0,0,0,0,0,0,0,0,1,0,0,0
TCGA-44-6144,0,0,0,0,0,0,0,0,0,0,0,0,0,0,0,0,0,0,0,0,1,63,1,1,0,0,0,1,0,0,4.868421052631579,0,0,0,0,0,0,0,1,1,0,0,0
TCGA-44-6145,0,0,0,0,0,0,0,0,0,0,1,0,0,0,0,0,0,0,0,1,0,64,1,1,0,0,0,1,0,0,6.7894736842105265,0,0,0,0,1,0,0,0,0,0,0,0
TCGA-44-6146,0,0,0,0,0,0,0,0,0,0,0,0,0,0,0,0,0,0,0,0,1,65,1,0,0,0,0,0,0,0,0.8947368421052632,0,0,0,0,0,0,0,0,0,0,0,0
TCGA-44-6148,0,0,0,0,0,0,0,0,0,0,0,0,0,0,0,0,0,0,0,0,0,66,0,0,0,0,0,0,0,0,0.10526315789473684,0,0,0,0,0,0,0,0,0,0,0,0
TCGA-44-6774,0,0,0,0,0,0,0,0,0,0,0,0,0,0,0,0,0,0,0,1,1,67,0,1,0,0,0,1,0,0,6.157894736842105,0,0,0,0,0,0,0,0,0,1,0,0
TCGA-44-6775,0,0,0,0,0,0,0,0,0,0,0,0,0,0,0,0,0,0,0,1,0,68,0,0,0,0,0,0,0,0,1.0789473684210527,0,0,0,0,0,0,0,0,1,0,0,0
TCGA-44-6776,1,0,0,0,0,0,0,0,0,0,0,0,0,0,1,0,0,0,1,0,0,69,1,1,0,0,0,0,0,0,4.421052631578948,0,0,0,0,0,0,0,1,1,0,0,0
TCGA-44-6777,0,0,0,0,0,1,0,0,0,0,0,0,0,0,0,0,0,0,0,0,1,70,0,1,0,0,0,1,0,0,6.315789473684211,0,0,0,0,0,0,0,0,1,0,0,0
TCGA-44-6778,1,0,0,1,0,0,0,0,0,1,0,0,0,1,0,0,0,0,0,1,1,71,0,0,0,1,1,1,0,0,8.236842105263158,1,1,1,0,1,0,0,0,1,0,0,0
TCGA-44-6779,1,0,0,0,0,0,0,0,0,0,0,0,0,0,0,0,0,0,0,1,0,72,0,0,0,0,0,1,0,0,2.1052631578947367,0,1,0,0,0,0,0,1,1,1,0,0
TCGA-44-7659,0,0,0,0,0,0,0,0,0,0,0,0,0,0,0,0,0,0,0,0,0,73,0,0,0,0,0,0,0,0,3.4210526315789473,0,0,1,0,0,0,0,0,1,0,0,0
TCGA-44-7660,1,0,0,0,0,1,0,0,0,0,0,0,0,0,0,0,0,0,0,0,1,74,0,0,0,0,0,1,0,0,6.921052631578948,0,1,0,1,0,0,0,0,1,0,1,0
TCGA-44-7661,0,0,0,0,0,0,0,0,0,0,0,0,0,0,0,0,0,0,0,0,1,75,1,1,0,0,0,1,0,0,4.973684210526316,0,0,0,0,0,0,1,0,0,1,1,0
TCGA-44-7662,0,0,0,0,0,0,0,0,0,0,0,0,1,0,0,0,1,0,0,1,1,76,0,1,0,0,0,1,0,1,11.868421052631579,1,0,0,0,1,0,0,0,1,1,0,0
TCGA-44-7667,1,0,0,0,0,0,0,0,0,1,0,0,0,0,0,0,0,1,0,0,1,77,0,0,0,1,0,1,0,0,9.631578947368421,1,0,0,0,1,0,0,0,1,0,0,0
TCGA-44-7669,1,0,0,1,0,0,0,0,0,0,0,0,0,0,0,1,0,0,0,1,1,78,0,1,0,0,0,0,0,0,10.31578947368421,0,0,1,1,1,0,0,1,1,1,1,0
TCGA-44-7670,0,0,0,0,1,0,0,0,1,1,0,0,0,1,1,0,0,0,0,1,1,79,0,1,1,0,0,1,0,0,24.605263157894736,0,1,1,0,1,0,0,0,1,0,1,1
TCGA-44-7671,1,0,0,0,0,0,0,0,0,0,0,0,0,0,0,0,0,0,0,0,1,80,1,1,0,0,0,0,0,0,5.078947368421052,0,1,0,0,0,0,0,1,1,0,0,0
TCGA-44-7672,0,0,0,0,0,0,1,0,0,0,0,0,0,0,0,0,0,0,0,1,0,81,1,0,0,0,0,0,1,0,2.263157894736842,1,0,0,0,0,0,0,0,0,0,0,0
TCGA-44-8117,0,0,0,0,0,0,0,0,0,0,0,0,0,0,1,0,0,0,1,1,0,82,1,0,0,0,0,1,0,0,17.31578947368421,0,1,1,1,1,0,0,0,1,1,1,0
TCGA-44-8119,0,0,0,1,0,1,0,0,0,0,0,0,0,0,0,0,0,0,1,1,1,83,0,1,0,1,0,0,0,0,14.052631578947368,0,0,0,0,0,0,0,1,1,1,0,1
TCGA-44-8120,0,0,1,1,1,1,0,0,0,0,0,0,0,0,0,0,0,0,0,1,1,84,0,0,0,0,0,1,0,0,13.736842105263158,0,0,0,0,0,0,0,1,1,0,0,0
TCGA-44-A479,0,0,0,0,0,0,0,0,0,0,0,0,0,0,0,0,0,0,0,1,1,85,0,1,0,0,0,1,0,0,5.157894736842105,0,0,0,0,1,0,0,1,1,0,0,0
TCGA-44-A47A,0,0,0,0,0,0,0,0,0,0,0,0,0,0,0,0,0,0,0,0,0,86,1,0,0,1,0,0,0,0,4.0,0,1,0,0,0,0,0,0,0,1,0,0
TCGA-44-A47B,0,0,0,0,0,0,0,0,0,0,0,0,0,0,0,1,0,0,0,0,0,87,0,0,0,0,0,0,0,0,0.8947368421052632,1,0,0,0,0,0,0,0,0,0,0,0
TCGA-44-A47F,1,0,0,0,0,0,0,0,0,0,0,0,0,0,0,0,0,0,1,0,0,88,1,0,0,0,0,0,0,0,1.605263157894737,0,0,0,0,0,0,0,1,0,0,0,0
TCGA-44-A47G,0,0,0,0,0,0,0,0,0,0,0,0,0,0,0,0,0,0,0,0,0,89,0,0,0,0,0,1,0,0,0.7368421052631579,0,0,0,0,0,0,0,0,0,0,0,0
TCGA-44-A4SS,1,0,0,0,0,0,0,0,1,0,1,0,0,0,0,0,0,0,0,0,0,90,0,1,0,1,0,1,0,0,8.026315789473685,0,1,1,1,0,0,0,0,0,0,0,0
TCGA-44-A4SU,0,0,0,0,0,0,0,0,0,0,0,0,0,0,0,0,0,0,0,0,0,91,0,1,0,0,0,1,0,0,2.6842105263157894,0,0,0,0,1,1,0,0,0,0,0,0
TCGA-49-4486,1,0,0,0,0,0,0,0,0,0,0,0,0,0,0,0,0,0,0,0,0,92,0,0,0,0,0,0,0,0,2.3421052631578947,0,0,0,0,1,0,0,0,1,0,0,0
TCGA-49-4487,0,0,0,0,0,0,0,0,0,0,0,0,0,0,0,0,0,0,0,0,0,93,0,1,0,0,0,1,0,0,5.105263157894737,1,0,0,0,0,0,0,1,0,0,0,1
TCGA-49-4488,1,1,0,0,0,0,0,0,0,0,0,0,1,0,0,0,0,0,0,1,1,94,0,1,0,0,0,0,1,0,6.342105263157895,1,0,1,0,1,0,0,0,1,1,0,0
TCGA-49-4490,0,0,0,0,0,0,0,0,0,0,0,0,0,0,0,0,0,0,0,0,0,95,0,0,0,0,0,1,0,0,0.5789473684210527,0,0,0,0,0,1,0,0,0,0,0,0
TCGA-49-4501,0,0,0,0,0,0,0,0,0,0,0,0,0,0,0,0,0,0,0,0,0,97,0,0,0,0,0,0,0,0,0.7368421052631579,0,0,0,0,0,1,0,0,0,0,0,0
TCGA-49-4505,0,0,0,0,0,0,0,0,0,0,0,0,0,0,0,0,0,0,1,0,1,98,1,0,0,1,0,1,0,0,4.157894736842105,0,0,0,0,1,0,0,0,1,0,0,0
TCGA-49-4506,1,0,0,0,1,0,0,0,0,0,0,0,0,1,0,0,0,0,0,1,1,99,1,0,0,0,0,0,0,0,2.3684210526315788,0,0,1,0,0,0,1,0,1,0,0,0
TCGA-49-4507,1,0,0,0,0,0,0,0,0,0,0,0,0,0,0,0,0,0,0,0,0,100,0,1,0,0,1,0,0,0,3.9473684210526314,1,0,1,0,0,0,0,1,0,0,0,1
TCGA-49-4510,0,0,0,0,0,0,0,0,0,0,0,0,0,0,0,0,0,0,0,0,0,101,1,0,0,0,0,0,0,0,0.9473684210526315,0,0,0,0,0,0,0,0,0,0,0,0
TCGA-49-4512,0,0,0,0,0,0,0,0,0,0,0,0,0,0,0,0,0,0,0,0,0,102,0,0,0,1,0,0,0,0,0.631578947368421,0,0,0,0,0,0,0,0,0,0,0,0
TCGA-49-4514,1,0,0,0,0,0,0,0,0,0,0,0,0,0,1,0,0,0,0,1,1,103,0,1,0,0,1,1,0,0,6.815789473684211,0,1,1,0,1,0,0,0,1,0,0,0
TCGA-49-6742,1,0,0,0,0,0,0,0,1,0,0,0,0,0,0,0,0,0,0,0,1,104,0,0,0,0,0,0,1,0,4.973684210526316,0,0,0,0,1,0,0,0,0,1,0,0
TCGA-49-6743,1,0,0,0,0,1,0,0,0,0,0,0,0,0,1,0,0,1,0,0,1,105,0,1,0,0,0,0,0,1,14.0,1,0,0,0,0,0,0,0,1,1,1,0
TCGA-49-6744,0,0,0,0,0,0,0,0,0,0,0,0,0,0,0,0,0,0,0,1,0,106,0,0,0,0,1,0,0,0,3.0526315789473686,0,0,0,0,0,0,0,0,1,0,0,0
TCGA-49-6745,0,0,0,0,0,0,0,0,0,0,0,1,1,0,0,0,0,0,0,0,0,107,0,0,0,0,0,0,0,0,2.1315789473684212,0,0,0,0,0,0,0,0,0,0,0,0
TCGA-49-6761,0,0,0,0,0,0,0,0,0,0,0,0,0,0,0,0,0,0,1,1,0,108,0,0,0,0,0,0,0,0,3.3684210526315788,0,1,0,0,0,0,0,0,1,0,0,0
TCGA-49-AAQV,0,0,0,0,0,0,0,0,0,0,0,0,0,0,0,0,0,0,0,0,0,110,0,0,0,0,0,1,0,0,0.9210526315789473,0,0,0,0,0,0,0,0,1,0,0,0
TCGA-49-AAR0,1,0,0,0,0,0,0,0,0,0,0,0,0,0,0,0,0,0,0,0,0,111,0,0,0,0,0,1,0,0,2.1052631578947367,1,0,0,0,0,0,0,1,0,0,0,0
TCGA-49-AAR2,1,0,1,0,0,0,0,0,0,1,0,0,0,0,1,0,0,0,0,0,1,112,0,0,0,0,0,0,0,0,9.342105263157896,0,0,1,0,0,0,0,0,0,0,0,0
TCGA-49-AAR3,1,0,0,0,0,0,0,0,0,0,0,0,0,0,0,0,0,0,0,0,0,113,0,0,0,0,0,1,0,0,2.0,0,0,0,0,0,0,0,0,0,0,0,0
TCGA-49-AAR4,0,0,1,0,0,0,0,0,0,0,0,0,0,0,1,0,0,0,0,1,1,114,0,1,1,0,0,1,0,0,7.947368421052632,0,0,1,1,1,0,0,0,1,0,0,0
TCGA-49-AAR9,1,0,0,0,0,0,0,0,0,0,0,0,1,0,0,0,0,0,0,1,1,115,0,1,0,0,0,1,0,0,14.31578947368421,0,0,1,0,0,0,0,0,1,1,1,0
TCGA-49-AARE,1,1,0,1,0,0,1,0,0,1,0,0,1,0,0,0,1,0,0,1,1,116,0,1,0,0,0,1,0,1,29.605263157894736,1,1,1,1,1,0,0,0,1,1,1,0
TCGA-49-AARN,0,0,0,0,0,0,0,0,0,0,0,0,0,0,0,0,0,0,0,0,0,117,0,1,0,1,0,1,0,0,10.631578947368421,0,0,1,0,1,0,0,0,1,1,0,0
TCGA-49-AARO,0,1,0,0,0,0,0,0,0,1,0,0,0,0,1,0,0,0,0,1,0,118,1,1,0,0,0,0,0,0,12.394736842105264,1,1,0,1,1,0,0,0,1,0,0,1
TCGA-49-AARQ,0,1,0,1,0,1,0,0,0,0,0,0,1,1,0,0,0,0,1,0,1,119,1,1,0,1,1,1,0,0,16.13157894736842,0,1,0,0,0,0,0,0,1,0,0,1
TCGA-4B-A93V,1,0,0,0,0,1,0,0,0,0,0,0,0,0,0,0,0,0,0,0,0,120,1,0,0,1,0,1,0,0,3.1842105263157894,0,0,0,1,0,0,0,1,0,0,0,0
TCGA-50-5044,0,0,0,0,0,0,0,0,1,0,0,1,0,0,0,0,0,0,0,0,0,121,0,0,0,0,0,0,0,0,1.605263157894737,0,0,0,0,0,0,0,0,0,0,0,0
TCGA-50-5045,0,0,0,0,0,0,0,0,1,0,0,0,0,0,0,0,0,0,0,0,0,122,0,1,0,0,0,1,0,0,5.421052631578948,0,1,1,0,1,0,0,0,1,0,0,1
TCGA-50-5049,0,0,0,1,0,0,0,1,1,0,0,0,1,0,0,0,0,0,0,0,1,123,0,0,0,1,0,1,1,0,14.0,1,0,0,0,1,0,1,0,1,1,0,0
TCGA-50-5051,1,0,0,0,0,0,0,0,0,0,0,0,0,0,0,0,0,0,0,0,0,124,1,0,0,0,0,0,0,0,2.289473684210526,0,0,0,0,0,0,0,0,0,0,0,0
TCGA-50-5055,0,0,0,0,0,0,0,0,0,0,0,0,0,0,0,0,0,0,0,0,0,125,0,0,0,0,0,0,0,0,0.05263157894736842,0,0,0,0,0,0,0,0,0,0,0,0
TCGA-50-5066,0,0,0,0,0,0,0,0,0,0,0,0,0,0,0,0,0,0,0,0,0,126,0,0,0,0,0,1,0,0,5.131578947368421,0,0,0,0,0,0,0,0,0,0,0,0
TCGA-50-5068,0,0,0,0,0,0,0,0,0,0,0,0,1,0,0,0,0,0,0,1,0,127,0,0,0,0,0,1,0,0,1.7894736842105263,1,0,0,0,0,0,0,0,0,0,0,0
TCGA-50-5072,0,0,0,0,0,0,0,0,0,0,0,0,0,0,0,0,0,0,0,0,0,128,0,0,0,0,0,0,0,0,3.4473684210526314,0,0,0,0,0,0,0,1,1,0,0,0
TCGA-50-5930,0,0,1,0,1,0,0,0,0,0,0,0,1,0,0,0,0,1,0,0,1,129,0,1,0,0,0,1,0,0,23.86842105263158,1,0,1,0,1,0,0,0,1,0,0,0
TCGA-50-5931,0,1,0,0,0,0,0,0,0,0,0,0,0,0,0,0,1,0,1,0,1,130,0,1,0,1,0,1,0,1,6.921052631578948,0,0,0,0,1,0,0,0,1,0,0,0
TCGA-50-5932,0,0,0,0,0,0,0,0,0,0,0,1,0,0,0,0,0,0,0,0,0,131,1,1,0,1,0,0,0,0,1.8157894736842106,0,0,0,0,0,0,0,0,0,0,0,0
TCGA-50-5933,0,0,1,0,0,0,0,0,0,0,0,0,0,0,0,0,0,0,0,1,1,132,0,1,0,1,0,1,0,0,9.921052631578947,0,1,0,0,1,0,0,0,1,1,0,1
TCGA-50-5935,0,0,0,0,0,0,0,0,0,0,0,0,0,0,0,0,0,0,0,0,0,133,0,0,0,0,0,0,0,0,0.868421052631579,0,0,0,0,0,0,0,0,1,0,0,0
TCGA-50-5936,1,0,0,0,0,0,0,0,0,0,0,0,1,0,0,0,0,0,0,0,0,134,1,0,0,0,0,0,0,0,2.5526315789473686,0,1,0,0,1,0,0,0,0,0,0,0
TCGA-50-5939,1,0,0,0,0,0,0,0,0,0,0,0,0,0,0,0,0,0,0,0,0,135,0,0,0,0,0,1,0,0,1.631578947368421,0,0,0,0,0,0,0,1,0,0,0,0
TCGA-50-5941,0,0,0,0,0,0,0,0,0,1,0,0,0,0,0,0,0,0,0,0,1,136,1,0,0,0,0,0,0,0,6.078947368421052,0,0,1,0,0,0,0,0,1,1,0,0
TCGA-50-5942,0,0,0,0,0,0,0,0,0,0,0,0,0,0,0,0,0,0,0,0,0,137,0,0,0,0,0,0,0,0,0.7894736842105263,0,0,0,0,0,0,0,0,0,0,0,0
TCGA-50-5944,0,0,0,0,0,0,0,0,0,0,0,0,0,0,0,0,0,0,1,1,0,138,0,0,0,0,0,1,0,0,1.2105263157894737,0,0,0,0,0,1,0,0,0,0,0,0
TCGA-50-5946,0,0,0,0,0,0,0,0,1,0,0,0,0,0,0,0,1,0,1,1,1,139,0,1,0,1,0,1,0,0,13.710526315789474,0,0,1,0,1,0,0,0,1,1,0,1
TCGA-50-6590,0,0,1,0,0,0,0,1,0,0,0,0,1,0,0,1,1,0,0,1,1,140,0,0,0,0,0,1,0,0,16.94736842105263,0,1,1,0,1,0,0,0,1,1,0,0
TCGA-50-6591,0,0,0,0,0,0,0,0,0,0,0,0,0,0,0,0,0,0,0,0,0,141,0,0,0,0,0,1,0,0,1.131578947368421,0,0,0,0,0,1,0,0,1,0,0,0
TCGA-50-6592,0,1,0,0,0,0,0,0,0,1,0,0,0,0,0,0,0,0,0,1,0,142,0,0,0,1,0,1,1,0,5.552631578947368,0,0,0,0,0,0,0,0,1,0,0,0
TCGA-50-6593,0,0,0,1,0,0,0,0,0,0,0,0,0,0,0,0,0,0,0,1,1,143,0,1,0,0,0,1,1,0,6.2368421052631575,0,0,0,0,0,0,0,0,1,1,0,0
TCGA-50-6594,0,0,0,1,0,0,0,0,0,1,1,1,0,0,0,0,0,1,0,1,1,144,0,1,0,0,0,1,0,0,12.342105263157896,1,0,0,0,1,0,0,0,1,0,0,0
TCGA-50-6595,0,0,0,0,0,0,0,0,0,0,0,0,0,0,1,0,0,0,0,0,0,145,0,0,0,0,0,0,0,0,1.263157894736842,0,0,0,0,0,1,0,0,1,1,0,0
TCGA-50-6597,0,0,0,0,0,0,0,0,0,0,0,0,0,0,0,0,0,0,0,0,0,146,0,0,0,0,0,0,0,0,1.0263157894736843,0,0,1,0,1,0,0,0,0,0,0,0
TCGA-50-6673,0,0,0,0,0,0,0,0,0,0,0,0,0,0,0,0,0,0,0,0,0,147,0,0,0,0,0,1,0,0,1.105263157894737,0,0,0,0,0,1,0,0,0,0,0,0
TCGA-50-7109,0,0,0,0,0,0,0,0,0,0,0,0,0,0,0,0,0,0,1,1,1,148,0,1,0,0,0,0,0,0,5.105263157894737,0,0,0,0,1,0,0,0,1,1,0,1
TCGA-50-8457,0,0,0,0,0,0,0,0,0,0,0,0,0,0,0,0,0,0,0,0,0,149,0,0,0,0,0,0,0,0,1.1842105263157894,0,0,0,0,0,0,0,0,0,0,0,0
TCGA-50-8459,0,0,0,1,0,0,0,0,0,0,0,0,0,0,0,0,0,0,1,0,0,150,1,0,0,0,0,0,0,0,1.5789473684210527,0,0,0,0,0,0,0,0,0,0,0,0
TCGA-50-8460,0,0,0,0,0,0,0,0,0,0,0,0,0,0,0,0,0,0,0,0,0,151,0,0,0,0,0,1,0,0,0.7368421052631579,0,0,0,0,0,0,0,0,0,0,0,0
TCGA-53-7624,1,0,0,0,0,0,0,1,0,1,0,0,1,0,1,1,0,1,0,1,1,152,0,0,0,0,0,1,1,1,18.63157894736842,0,0,1,0,1,0,0,0,1,1,0,0
TCGA-53-7626,0,0,0,0,0,0,0,0,0,0,0,1,0,0,1,0,0,0,0,0,0,153,0,1,0,1,0,1,0,1,7.894736842105263,0,1,0,0,0,0,0,0,1,1,0,0
TCGA-53-7813,0,0,0,0,0,1,0,0,0,0,0,0,0,0,0,0,0,0,0,0,0,154,1,1,0,0,0,0,0,0,3.4473684210526314,0,0,0,0,0,0,0,1,0,0,0,0
TCGA-53-A4EZ,1,0,0,0,0,0,0,0,1,1,0,0,0,0,0,0,0,0,0,1,1,155,0,1,0,0,0,1,0,0,11.394736842105264,0,0,1,0,0,0,1,0,1,1,0,0
TCGA-55-1592,0,0,0,0,1,0,0,0,0,0,0,0,0,0,0,0,0,0,1,1,1,156,0,0,0,0,0,1,0,0,10.868421052631579,0,0,0,0,1,0,0,0,1,1,0,0
TCGA-55-1595,0,0,0,0,0,0,0,0,0,0,0,0,0,0,0,0,0,0,1,1,0,158,1,1,0,0,1,0,1,1,6.973684210526316,1,0,1,0,1,0,0,0,1,0,0,0
TCGA-55-1596,0,0,0,1,0,0,0,0,0,1,1,0,0,0,0,0,0,0,0,1,0,159,0,0,0,0,0,1,0,0,4.342105263157895,0,0,1,1,0,0,0,1,0,1,0,0
TCGA-55-5899,1,0,0,0,0,0,0,0,0,0,0,0,1,0,0,0,0,0,0,1,1,160,0,0,1,0,0,1,0,0,9.81578947368421,1,1,0,0,1,0,0,0,1,0,0,0
TCGA-55-6543,0,0,0,0,0,0,0,0,0,0,0,0,0,0,0,0,0,0,0,0,0,161,0,0,0,0,0,0,0,0,0.5263157894736842,0,0,0,0,0,0,0,0,0,0,0,0
TCGA-55-6642,0,0,0,1,0,0,0,0,0,0,0,0,0,0,0,0,0,0,0,0,1,162,1,0,0,0,0,0,0,0,2.6578947368421053,1,0,0,0,0,0,0,0,0,0,0,0
TCGA-55-6712,0,0,0,0,0,0,1,0,0,0,0,0,0,0,0,0,0,0,0,0,0,163,0,1,0,0,0,1,0,0,2.0526315789473686,0,0,0,0,1,0,0,0,0,0,0,0
TCGA-55-6968,0,0,1,0,0,0,0,0,0,0,0,0,0,0,0,1,0,0,1,0,1,164,0,0,0,0,1,1,0,1,9.210526315789474,0,0,0,0,1,0,0,0,1,1,0,0
TCGA-55-6970,1,0,0,0,0,0,0,0,0,0,0,0,0,0,0,1,0,0,0,0,0,166,1,1,0,0,0,0,0,0,4.0,1,0,1,0,0,0,0,1,0,1,0,0
TCGA-55-6971,0,0,0,0,0,0,0,0,0,0,0,0,0,0,0,0,0,0,0,0,0,167,0,0,0,0,0,0,0,0,1.7894736842105263,0,0,0,0,0,0,0,0,0,0,0,0
TCGA-55-6972,1,0,0,0,0,0,0,1,0,0,0,0,0,0,0,0,0,0,1,1,1,168,0,0,0,0,1,0,0,1,5.2631578947368425,0,0,0,0,0,0,0,0,0,0,0,0
TCGA-55-6975,0,0,0,0,0,0,0,0,0,0,0,0,0,0,0,0,0,0,0,0,1,169,1,0,0,0,0,1,0,0,1.8157894736842106,0,0,0,0,1,0,0,0,0,0,0,0
TCGA-55-6978,0,0,0,0,0,0,0,0,0,0,0,0,0,0,0,0,0,0,0,0,0,170,0,0,0,0,0,0,0,0,0.4473684210526316,0,0,0,0,0,0,0,0,0,0,0,0
TCGA-55-6979,0,0,0,0,0,0,0,0,0,0,0,0,0,0,0,0,0,0,0,0,0,171,0,0,0,0,0,1,0,0,2.3421052631578947,0,0,0,0,0,0,0,0,0,0,0,0
TCGA-55-6980,0,0,0,0,0,0,0,0,0,0,0,0,0,0,0,0,0,0,0,0,0,172,0,0,0,0,0,1,0,0,0.15789473684210525,0,0,0,0,0,1,0,0,0,0,0,0
TCGA-55-6981,0,0,0,0,0,0,0,0,0,0,0,0,0,0,0,0,0,0,0,0,0,173,0,0,0,0,0,0,0,0,1.0526315789473684,0,0,0,0,0,1,0,0,0,0,0,0
TCGA-55-6982,0,0,0,0,0,0,0,0,0,0,0,0,0,0,0,0,0,0,1,0,0,174,0,0,0,0,0,0,0,0,3.0,0,0,0,1,0,0,0,0,1,0,0,0
TCGA-55-6983,0,0,0,0,1,0,0,0,0,0,0,0,0,0,0,0,0,0,1,0,0,175,1,0,0,0,0,0,0,0,1.9736842105263157,0,0,1,0,0,0,0,0,0,0,0,1
TCGA-55-6984,0,0,0,0,0,0,0,0,0,0,0,0,0,0,0,0,0,0,0,0,0,176,1,0,0,0,0,0,0,0,0.5263157894736842,0,0,0,0,0,0,0,0,0,0,0,0
TCGA-55-6985,0,0,0,1,1,0,0,0,0,1,1,0,0,1,1,0,1,0,1,0,1,177,0,1,0,1,0,1,0,0,9.657894736842104,0,0,0,0,0,0,0,0,1,1,1,0
TCGA-55-6986,0,0,0,0,0,0,0,0,0,0,0,0,0,0,0,0,0,0,0,0,0,178,0,0,0,0,0,0,0,0,0.3157894736842105,0,0,0,0,0,0,0,0,0,0,0,0
TCGA-55-6987,1,0,0,1,0,0,0,0,1,0,0,0,0,0,0,0,0,0,0,0,0,179,0,0,0,0,0,0,0,0,3.1842105263157894,0,0,0,0,0,0,0,0,0,0,0,0
TCGA-55-7227,0,0,0,0,1,0,0,0,0,1,0,0,0,0,0,0,0,0,0,0,0,180,0,0,0,0,0,1,0,0,3.710526315789474,0,0,0,0,0,0,0,0,1,0,0,0
TCGA-55-7281,0,0,0,0,0,0,0,0,0,0,0,0,0,0,0,0,1,0,0,0,1,181,1,1,0,1,0,0,0,0,10.157894736842104,0,0,0,0,0,0,0,0,1,1,0,1
TCGA-55-7283,0,1,0,0,0,0,0,0,0,1,0,0,0,0,0,0,0,0,1,0,0,182,1,1,1,0,0,1,0,0,4.184210526315789,0,0,0,0,0,0,0,0,1,0,0,0
TCGA-55-7284,0,0,0,0,0,1,0,0,0,0,0,0,0,0,0,0,0,0,0,0,0,183,1,0,0,0,0,0,0,0,0.8947368421052632,0,0,0,0,1,0,0,0,1,0,0,0
TCGA-55-7570,0,0,0,0,1,0,0,0,0,0,0,0,0,0,0,0,0,0,1,1,0,184,0,0,0,1,0,1,0,0,8.736842105263158,0,0,1,0,0,1,0,0,1,1,0,0
TCGA-55-7573,0,0,0,0,0,0,0,0,0,0,0,0,0,0,0,0,0,0,0,0,0,185,0,0,0,0,0,1,0,0,1.0263157894736843,0,0,0,0,0,1,0,0,0,0,0,0
TCGA-55-7574,0,0,0,0,0,0,0,0,0,0,0,0,0,0,0,0,0,0,0,0,0,186,0,0,0,0,0,1,0,0,2.8684210526315788,0,1,0,0,0,0,0,1,1,1,0,0
TCGA-55-7576,0,0,0,0,1,0,0,0,0,0,0,1,0,0,0,0,0,0,0,1,1,187,1,1,0,0,0,1,0,0,7.657894736842105,0,1,0,1,0,0,0,0,1,1,0,0
TCGA-55-7724,0,0,0,0,0,0,0,0,0,0,0,0,0,0,0,0,0,0,0,0,0,188,0,0,0,0,0,0,0,0,2.263157894736842,0,0,0,0,0,0,0,0,0,0,0,0
TCGA-55-7725,0,0,0,0,0,0,0,0,0,0,0,0,0,0,0,0,1,0,0,0,0,189,1,1,0,1,0,0,0,0,2.8421052631578947,0,0,1,0,0,0,0,0,0,0,0,0
TCGA-55-7726,0,0,0,0,0,0,0,0,0,1,0,0,0,0,0,0,0,0,0,0,0,190,1,0,0,0,0,1,0,1,2.289473684210526,0,0,0,0,0,0,0,0,0,0,0,0
TCGA-55-7727,0,0,0,0,0,0,0,0,0,0,0,0,0,0,0,0,0,0,0,0,1,191,0,1,0,0,0,1,0,0,4.684210526315789,0,1,0,1,1,0,0,0,0,0,0,0
TCGA-55-7728,0,0,0,0,0,0,0,0,0,0,0,0,0,0,0,0,1,0,0,0,0,192,1,0,0,0,0,0,0,0,1.9473684210526316,0,0,0,0,0,0,0,0,0,0,0,0
TCGA-55-7815,1,0,0,0,0,0,0,0,0,0,0,0,0,0,0,0,0,0,0,0,1,193,1,0,0,0,0,0,0,1,2.6315789473684212,0,0,0,0,0,0,0,0,0,0,0,0
TCGA-55-7903,0,0,0,0,0,0,0,0,0,0,0,0,0,0,0,0,0,0,0,0,0,194,0,0,0,0,0,1,0,1,3.026315789473684,0,0,0,0,0,0,0,0,0,1,0,0
TCGA-55-7907,0,0,1,1,1,0,0,0,0,1,0,0,0,0,0,0,0,0,1,1,0,195,1,1,0,0,1,1,0,0,26.394736842105264,1,1,1,1,1,0,0,0,1,1,1,0
TCGA-55-7910,0,0,0,1,1,0,0,0,0,0,0,1,0,0,0,1,0,0,1,1,0,196,1,0,1,1,0,1,0,0,7.157894736842105,0,0,0,0,0,0,0,0,1,1,0,0
TCGA-55-7911,0,0,0,0,0,0,0,0,0,0,0,0,0,0,1,0,0,0,0,0,0,197,1,0,0,0,0,1,0,0,4.526315789473684,0,0,0,0,1,0,0,0,0,0,0,0
TCGA-55-7913,0,0,0,0,0,0,0,0,0,0,0,0,0,0,0,0,0,0,1,1,1,198,0,0,0,0,0,0,0,0,6.815789473684211,0,1,0,0,0,0,0,1,0,0,0,0
TCGA-55-7914,0,0,1,0,0,0,0,0,0,0,0,1,0,0,0,0,0,0,0,0,0,199,1,1,0,0,0,1,0,0,3.9210526315789473,0,0,0,0,0,0,0,0,1,0,0,0
TCGA-55-7994,0,0,1,1,0,0,1,0,1,0,0,0,0,1,0,1,0,0,1,1,1,200,0,1,1,1,0,1,0,0,34.078947368421055,0,0,1,1,1,0,0,0,1,0,1,1
TCGA-55-7995,1,0,0,0,1,0,0,0,0,0,0,0,0,0,1,0,0,0,0,0,1,201,0,1,0,1,0,1,0,0,15.026315789473685,0,0,0,1,1,0,0,0,1,1,1,0
TCGA-55-8085,1,0,0,0,0,0,0,0,0,0,0,0,0,0,0,0,0,0,0,0,0,202,0,0,0,0,0,1,0,1,5.7368421052631575,0,0,1,0,0,0,0,0,0,0,1,0
TCGA-55-8087,0,0,0,0,0,0,0,0,0,0,0,0,0,0,0,0,0,0,0,0,0,203,0,0,0,0,0,0,0,0,0.5526315789473685,0,0,0,0,0,0,0,0,0,0,0,0
TCGA-55-8089,0,0,0,1,0,0,0,0,0,0,0,0,1,1,0,0,0,0,1,1,1,204,0,1,1,1,0,1,0,0,23.44736842105263,1,1,0,0,1,0,0,0,1,0,0,0
TCGA-55-8090,0,0,0,0,0,0,0,0,0,0,0,0,0,0,0,0,0,0,0,1,0,205,1,0,0,0,0,0,0,0,1.9210526315789473,0,0,0,0,0,0,0,0,0,0,0,0
TCGA-55-8091,0,0,0,0,0,0,0,0,0,0,0,0,0,0,0,0,0,0,0,0,0,206,0,0,0,0,0,0,0,0,0.5263157894736842,0,0,0,0,0,0,0,0,1,0,0,0
TCGA-55-8092,0,0,0,0,0,1,0,0,0,0,1,0,0,0,0,0,0,0,0,1,1,207,0,0,0,0,0,1,0,0,11.052631578947368,1,1,0,0,1,0,0,1,1,0,0,0
TCGA-55-8094,1,0,0,0,0,0,0,0,1,0,0,0,1,0,0,0,1,0,0,1,1,208,1,0,0,1,1,1,0,0,9.973684210526315,0,0,0,0,1,0,0,0,1,0,0,1
TCGA-55-8096,0,0,0,0,0,0,0,0,0,0,0,0,0,0,0,0,0,0,0,1,1,209,0,1,0,0,0,1,0,0,2.1315789473684212,0,0,0,0,0,1,0,0,0,0,0,1
TCGA-55-8097,0,0,0,0,0,0,0,0,0,0,0,0,0,0,0,0,1,0,0,1,0,210,1,0,0,0,0,0,0,0,2.210526315789474,0,0,0,0,0,0,0,0,1,1,0,0
TCGA-55-8203,0,0,0,0,0,0,0,0,0,0,0,0,0,0,0,0,0,0,1,0,1,211,1,1,0,0,0,0,0,0,9.394736842105264,0,0,0,0,0,0,0,1,1,1,0,1
TCGA-55-8204,0,0,0,0,0,0,0,0,0,0,0,0,0,0,0,0,0,0,0,1,0,212,0,0,1,0,0,1,0,0,4.2894736842105265,0,0,0,0,0,0,0,0,0,1,0,0
TCGA-55-8205,0,0,0,0,0,0,1,0,0,0,0,0,0,1,0,0,0,0,0,1,0,213,0,1,0,0,0,1,0,0,9.447368421052632,1,0,1,0,1,0,0,0,1,0,0,0
TCGA-55-8206,0,0,0,0,0,0,0,0,0,0,0,0,0,0,0,0,0,0,0,0,0,214,0,0,0,0,0,0,0,0,0.631578947368421,0,0,0,0,0,1,0,0,0,0,0,0
TCGA-55-8207,0,0,0,1,0,0,0,0,0,0,0,0,0,0,0,1,0,0,1,1,1,215,1,1,0,1,0,0,1,0,6.7368421052631575,0,0,0,0,0,0,0,0,0,1,0,0
TCGA-55-8208,0,0,0,0,0,0,0,0,0,0,0,0,0,0,0,0,0,0,0,0,1,216,0,1,0,0,0,1,0,0,2.5789473684210527,0,0,0,0,0,0,0,0,0,0,0,0
TCGA-55-8299,0,0,0,0,0,0,0,0,0,0,0,0,0,0,0,0,0,0,0,0,0,217,1,0,0,0,0,0,0,0,0.2894736842105263,0,0,0,0,0,0,0,1,0,0,0,0
TCGA-55-8301,0,0,0,0,0,0,0,0,0,0,0,0,0,0,0,0,0,0,0,1,0,218,0,1,0,0,0,1,0,0,4.657894736842105,0,0,1,0,0,0,0,0,0,0,0,0
TCGA-55-8302,1,0,0,0,0,0,0,0,0,1,0,0,0,0,0,0,0,0,1,1,1,219,1,1,0,1,0,1,0,0,12.368421052631579,0,0,0,1,0,0,0,0,1,0,0,1
TCGA-55-8505,1,0,0,0,0,0,0,0,0,0,0,0,0,0,0,0,0,0,0,0,0,220,0,0,0,0,0,0,0,0,0.6052631578947368,0,0,0,0,0,0,0,0,1,0,0,0
TCGA-55-8507,0,0,0,1,0,0,0,0,0,0,0,0,1,0,0,0,1,0,1,1,1,222,0,1,1,0,1,1,0,1,21.605263157894736,0,0,1,0,1,0,0,1,1,1,0,1
TCGA-55-8508,0,0,1,1,0,0,0,0,0,0,0,0,0,0,0,0,0,0,0,0,0,223,1,1,0,0,0,0,0,0,3.8947368421052633,0,0,1,1,1,0,0,1,0,1,0,0
TCGA-55-8510,1,1,1,0,1,0,0,0,0,0,0,0,0,0,0,0,0,0,0,1,1,224,0,1,0,1,1,1,0,0,6.184210526315789,0,0,0,0,0,0,0,0,0,1,0,0
TCGA-55-8511,0,0,0,0,0,0,0,0,0,0,0,1,1,0,0,0,1,0,1,1,1,225,0,0,1,1,0,1,0,0,11.263157894736842,0,0,1,0,1,0,0,0,1,1,1,0
TCGA-55-8512,0,0,0,1,0,0,0,0,0,0,0,0,0,0,0,0,0,0,1,1,0,226,1,0,1,0,0,0,0,0,0.8157894736842105,0,0,0,0,0,0,0,0,0,0,0,1
TCGA-55-8514,0,0,0,0,0,0,0,0,0,0,1,0,0,0,0,0,0,0,1,1,1,227,1,0,0,0,0,1,0,0,6.2105263157894735,1,0,0,0,0,0,1,0,1,1,0,0
TCGA-55-8614,0,0,0,0,0,0,0,0,0,0,0,0,0,0,0,0,0,0,0,1,0,228,0,1,0,0,0,1,0,0,4.657894736842105,0,0,0,0,1,0,0,0,1,0,0,0
TCGA-55-8615,0,0,0,0,0,0,1,0,0,0,0,0,0,0,0,0,0,0,0,0,0,229,1,0,0,0,0,0,0,0,2.263157894736842,0,0,0,0,1,0,0,1,1,1,0,0
TCGA-55-8619,0,0,0,0,0,0,0,0,0,0,0,0,0,0,0,0,0,0,0,0,0,231,0,0,0,0,0,0,0,0,0.02631578947368421,0,0,0,0,0,0,0,0,0,0,0,0
TCGA-55-8620,1,0,0,1,0,0,0,0,0,1,0,0,0,0,1,0,0,1,0,0,0,232,0,1,0,0,0,1,0,0,11.052631578947368,0,1,1,1,0,0,0,0,1,1,1,0
TCGA-55-8621,0,0,0,0,0,0,0,0,0,0,0,0,0,0,0,0,0,0,0,0,0,233,0,0,0,0,0,0,0,0,0.18421052631578946,0,0,0,0,0,0,0,0,0,0,0,0
TCGA-55-A48X,0,0,0,1,0,1,0,0,0,0,1,0,0,0,0,0,0,0,0,0,0,234,0,0,0,1,0,0,0,0,6.947368421052632,0,0,0,0,0,0,0,0,0,0,1,0
TCGA-55-A48Y,0,0,0,0,0,0,0,0,0,0,0,0,0,0,1,0,0,0,0,0,0,235,0,0,0,0,0,0,0,0,6.526315789473684,0,0,0,0,0,0,0,0,1,0,0,0
TCGA-55-A48Z,0,0,0,0,0,0,0,0,0,0,0,0,0,0,0,0,0,0,0,0,0,236,0,0,0,0,0,1,0,0,0.7894736842105263,0,0,0,0,0,1,0,0,0,0,0,0
TCGA-55-A490,0,0,1,0,1,0,1,0,0,0,0,1,0,1,0,0,0,1,0,1,1,237,1,1,0,0,0,0,0,1,30.05263157894737,0,1,1,1,1,0,0,0,1,1,0,0
TCGA-55-A491,0,0,0,0,0,0,0,0,0,0,0,0,0,0,0,0,0,0,0,1,0,238,0,1,0,1,0,1,0,0,7.921052631578948,0,0,0,0,0,0,1,0,1,0,0,0
TCGA-55-A492,1,0,0,0,0,0,0,0,0,0,0,0,0,0,0,0,0,0,1,0,0,239,0,0,0,0,0,0,0,0,5.815789473684211,0,0,0,0,0,0,0,1,1,1,0,0
TCGA-55-A494,0,0,0,0,0,0,0,0,0,0,0,0,0,0,0,0,0,0,0,0,0,241,1,1,0,1,0,0,0,0,5.2105263157894735,0,0,0,0,0,0,0,0,1,1,0,0
TCGA-55-A4DF,1,0,0,0,0,0,0,0,0,1,0,0,0,0,0,1,0,0,0,1,0,242,0,1,0,0,0,1,0,1,14.973684210526315,0,1,0,1,1,0,1,0,1,0,0,0
TCGA-55-A4DG,0,0,0,0,1,0,0,1,0,0,0,1,0,0,0,0,0,0,0,1,1,243,0,1,0,1,0,1,0,0,14.789473684210526,1,0,0,1,0,0,1,0,1,1,0,0
TCGA-55-A57B,0,0,0,0,0,0,0,0,0,0,0,0,0,0,0,0,0,0,0,0,0,244,0,0,0,0,0,1,0,0,0.8947368421052632,0,0,0,0,0,1,0,0,0,0,0,0
TCGA-62-8394,0,0,0,0,0,0,0,0,0,0,0,0,0,0,0,0,0,0,0,0,0,245,0,0,0,0,0,1,0,0,1.5789473684210527,0,0,0,0,0,1,0,0,0,0,0,0
TCGA-62-8395,0,0,0,0,0,0,0,0,0,0,0,0,0,0,0,0,0,0,0,0,0,246,0,0,0,0,0,0,0,0,1.394736842105263,0,0,0,0,0,0,0,0,0,0,0,0
TCGA-62-8397,0,0,0,0,0,0,0,0,0,0,0,0,0,0,0,0,0,0,0,0,0,247,0,0,0,0,0,0,0,0,0.631578947368421,0,0,0,0,0,0,0,0,0,0,0,0
TCGA-62-8398,1,0,0,0,0,0,0,0,0,0,0,0,0,0,0,0,0,1,0,0,0,248,1,0,0,0,0,0,0,0,1.8421052631578947,0,0,0,0,0,0,0,0,0,0,0,0
TCGA-62-8399,0,0,0,0,0,0,0,0,0,0,0,0,0,1,0,0,0,0,0,0,1,249,0,1,0,0,1,1,0,0,11.394736842105264,1,1,0,0,1,0,0,0,1,0,0,0
TCGA-62-8402,0,0,0,0,0,0,0,0,0,0,0,0,0,0,0,0,0,0,0,0,1,250,0,0,0,1,0,1,0,0,0.8421052631578947,0,0,0,0,0,1,0,0,0,0,0,0
TCGA-62-A46O,1,1,0,1,0,0,1,1,0,0,0,0,0,0,0,0,0,0,1,1,1,251,0,1,0,0,1,1,0,0,20.07894736842105,1,1,1,0,1,0,0,0,0,1,0,0
TCGA-62-A46P,0,0,0,0,0,0,0,0,0,0,0,0,0,0,0,0,0,0,0,0,1,252,0,1,0,0,1,0,0,0,6.157894736842105,0,0,0,0,0,0,0,1,0,1,0,0
TCGA-62-A46R,0,1,0,0,0,0,0,0,0,0,0,0,0,0,0,0,1,0,1,0,1,253,1,0,0,0,0,1,0,0,3.763157894736842,0,0,0,0,0,0,0,0,1,0,0,0
TCGA-62-A46S,0,0,0,0,0,0,0,0,0,0,0,0,0,0,0,0,0,0,0,0,0,254,1,1,0,0,0,0,0,0,2.3157894736842106,0,0,0,0,0,0,0,1,0,0,0,0
TCGA-62-A46U,0,0,0,0,0,0,0,0,0,0,0,0,0,0,0,0,0,0,0,0,0,255,0,0,0,0,0,1,0,0,0.8421052631578947,0,0,0,0,0,1,0,0,0,0,0,0
TCGA-62-A46V,0,0,0,1,0,0,0,0,0,0,0,0,0,0,0,0,0,0,0,1,0,256,0,0,0,0,0,0,0,0,1.3421052631578947,0,0,0,0,0,0,0,0,0,0,0,0
TCGA-62-A46Y,0,0,0,0,0,0,0,0,0,0,0,0,0,0,0,0,0,0,0,0,0,257,0,0,0,0,1,1,0,0,0.7368421052631579,0,0,0,0,0,0,0,0,0,1,0,0
TCGA-62-A470,1,0,0,0,0,0,0,0,0,0,0,0,0,0,0,1,0,0,0,0,0,258,0,0,0,0,0,0,0,0,2.5789473684210527,0,0,0,0,0,0,0,1,0,0,1,0
TCGA-62-A471,0,0,0,0,0,0,0,0,0,0,0,0,0,0,0,0,0,0,1,0,0,259,0,0,0,0,0,1,0,0,2.0,0,0,0,0,0,0,0,0,0,0,0,0
TCGA-62-A472,0,0,0,0,1,0,0,0,0,0,1,0,0,0,0,0,0,0,0,0,0,260,0,0,0,0,0,1,0,0,1.368421052631579,0,0,0,0,0,0,0,0,0,0,0,0
TCGA-64-1676,0,0,0,0,0,0,0,0,0,0,0,0,1,1,0,0,0,0,1,1,1,261,0,1,1,0,0,1,0,0,13.263157894736842,1,0,0,0,0,0,0,0,1,1,0,0
TCGA-64-1679,0,0,0,0,1,0,1,0,1,0,0,0,0,0,0,0,0,0,0,0,1,262,0,0,0,0,1,1,0,0,10.368421052631579,0,0,0,0,1,0,0,0,1,0,0,0
TCGA-64-1680,0,0,0,0,0,0,0,0,0,0,0,0,0,0,0,0,0,0,0,0,0,263,0,0,0,0,0,0,0,1,0.868421052631579,0,0,0,0,0,0,0,0,0,0,0,0
TCGA-64-1681,0,0,0,0,0,0,0,0,0,0,0,0,0,0,0,0,0,0,0,0,0,264,0,0,0,0,0,1,0,0,1.0526315789473684,0,0,0,0,0,1,0,0,0,0,0,0
TCGA-64-5774,0,0,0,0,0,0,0,0,0,0,0,0,0,0,0,0,0,0,1,0,0,265,1,0,0,0,0,0,0,0,3.1578947368421053,0,0,0,0,0,0,0,0,0,0,0,0
TCGA-64-5775,0,0,0,0,1,0,1,0,0,0,0,0,1,0,0,0,0,0,0,1,1,266,1,1,0,0,0,1,0,0,10.921052631578947,0,0,1,0,0,0,0,0,1,1,0,0
TCGA-64-5778,0,0,0,0,0,0,0,0,0,1,0,0,1,0,0,0,0,0,0,0,1,267,1,1,0,1,0,1,0,0,10.421052631578947,1,0,0,0,1,0,0,0,0,1,0,0
TCGA-64-5779,0,0,0,0,0,0,0,0,0,0,0,0,0,0,0,0,0,0,1,0,0,268,0,1,0,0,0,0,0,0,8.026315789473685,0,1,0,0,0,0,0,0,1,0,1,0
TCGA-64-5781,1,0,0,0,0,0,0,1,0,1,0,0,0,0,1,0,0,0,1,1,0,269,0,1,0,0,1,0,1,0,24.842105263157894,0,1,1,1,1,0,0,0,1,0,0,0
TCGA-64-5815,0,0,0,0,0,0,0,0,0,0,1,0,0,0,0,0,1,0,0,1,0,270,1,0,0,0,1,0,0,0,3.6052631578947367,0,0,0,0,0,0,0,0,0,0,0,0
TCGA-67-6215,0,0,0,0,0,0,0,0,0,0,0,0,0,0,0,0,0,0,0,0,0,276,0,0,0,0,0,0,0,0,2.0789473684210527,0,0,0,0,0,0,0,0,1,0,0,0
TCGA-67-6216,0,0,0,0,0,0,0,0,0,0,0,0,0,0,0,0,0,0,0,0,0,277,0,1,0,0,0,0,0,0,0.42105263157894735,0,0,0,0,0,0,0,0,0,0,0,0
TCGA-67-6217,0,0,1,0,0,1,1,0,0,0,0,0,0,0,0,0,0,0,1,0,0,278,0,0,0,0,0,0,0,0,3.4473684210526314,0,0,0,0,1,1,0,0,0,0,0,0
TCGA-69-7760,0,0,0,0,0,0,0,0,0,0,0,0,0,0,0,0,0,0,0,0,0,279,0,0,0,0,0,1,0,0,1.3421052631578947,0,0,0,0,0,1,0,0,1,0,0,0
TCGA-69-7761,0,0,0,0,0,0,0,0,0,0,0,0,0,0,0,0,0,0,0,0,0,280,0,0,0,0,0,0,0,0,0.6052631578947368,0,0,0,0,0,0,0,0,1,0,0,0
TCGA-69-7763,0,0,0,0,0,0,0,0,0,0,0,0,0,0,0,0,0,0,0,0,0,281,0,0,0,0,0,0,0,0,1.3421052631578947,1,0,0,0,0,0,0,1,0,1,0,0
TCGA-69-7764,0,0,0,0,0,0,0,0,0,0,1,0,0,0,0,0,0,0,1,0,0,282,0,0,0,0,0,0,0,0,1.8421052631578947,0,0,0,0,1,0,0,0,0,0,0,0
TCGA-69-7765,0,0,1,1,1,1,0,1,0,1,0,0,0,0,0,1,0,1,0,1,0,283,0,1,0,0,0,1,0,0,11.868421052631579,1,1,1,0,0,1,0,0,1,0,0,0
TCGA-69-7973,0,0,0,0,0,0,0,0,0,0,0,0,0,0,0,0,0,0,0,0,1,284,1,1,0,1,0,0,1,0,5.894736842105263,0,1,0,0,0,0,0,0,0,1,0,0
TCGA-69-7974,0,0,0,1,0,0,0,0,0,0,0,0,0,0,0,0,0,0,0,0,1,285,1,1,0,0,1,1,0,0,10.605263157894736,0,1,0,1,1,0,1,0,1,1,0,1
TCGA-69-7978,0,0,0,0,0,0,0,0,0,0,0,0,0,0,0,0,0,0,0,1,0,286,1,1,0,0,0,1,0,0,8.842105263157896,1,0,0,1,0,0,0,0,1,1,0,0
TCGA-69-7979,0,1,0,0,0,0,0,0,1,0,0,1,0,0,0,0,1,0,0,1,1,287,0,1,0,0,1,1,0,1,31.394736842105264,0,1,1,0,1,0,0,0,0,1,0,0
TCGA-69-7980,0,0,0,0,0,0,1,1,0,0,0,0,0,0,0,1,0,0,0,1,1,288,1,1,0,0,0,1,0,0,16.789473684210527,0,1,0,1,0,0,0,0,1,1,0,0
TCGA-69-8253,1,0,0,0,0,0,1,0,0,0,0,0,0,0,0,0,0,0,0,0,0,289,1,1,0,0,1,0,0,0,3.1842105263157894,0,0,1,0,0,0,0,0,1,0,0,0
TCGA-69-8255,0,0,0,0,1,0,0,0,0,0,0,0,0,0,0,0,0,0,0,1,0,291,0,0,0,0,0,0,0,0,6.2105263157894735,0,0,1,0,1,0,0,0,1,0,0,0
TCGA-69-A59K,0,1,1,0,0,0,0,0,0,1,0,1,0,1,0,1,0,0,1,1,0,292,0,0,0,0,0,1,0,0,10.657894736842104,0,1,1,0,0,0,0,0,1,1,0,1
TCGA-71-6725,0,0,0,0,0,0,0,0,0,0,0,0,0,0,0,0,0,0,0,0,0,293,0,0,0,0,0,0,0,0,0.868421052631579,0,0,0,0,0,0,0,0,0,0,0,0
TCGA-71-8520,0,0,0,0,0,0,0,0,0,0,0,0,0,0,0,0,0,0,0,0,1,294,0,0,0,0,0,1,0,0,1.868421052631579,1,0,0,0,0,1,0,0,0,0,0,0
TCGA-73-4658,0,0,0,0,0,0,0,1,0,0,0,0,0,0,0,0,0,0,0,1,0,295,0,0,0,0,0,0,0,0,4.2631578947368425,0,0,0,0,1,0,0,0,0,1,0,0
TCGA-73-4659,0,0,0,0,0,1,0,0,1,0,0,0,0,0,0,0,0,0,0,0,0,296,0,0,0,0,0,0,0,0,4.394736842105263,0,0,0,0,0,0,0,1,0,0,0,1
TCGA-73-4662,0,0,0,0,0,0,0,0,0,0,0,0,0,0,0,0,0,0,0,0,0,297,1,0,0,1,0,0,0,0,4.552631578947368,0,0,1,1,0,0,0,0,1,1,1,0
TCGA-73-4666,1,0,0,0,0,0,0,0,0,0,0,0,0,0,1,0,0,0,1,0,1,298,0,0,0,1,0,1,1,0,8.0,0,0,0,0,0,0,0,0,0,1,1,0
TCGA-73-4668,0,0,0,1,0,0,0,0,1,1,0,0,0,1,0,0,0,0,0,1,1,299,0,1,0,1,0,0,0,0,11.526315789473685,1,0,0,0,0,0,0,0,1,1,0,1
TCGA-73-4670,1,0,0,0,0,1,0,0,0,0,0,0,0,0,1,0,0,0,0,1,1,300,1,1,0,0,0,1,0,0,8.0,0,0,0,0,0,0,0,1,1,0,0,0
TCGA-73-4675,0,0,0,1,0,0,0,0,0,0,0,0,0,0,0,0,0,0,0,0,0,301,0,1,0,0,0,0,0,0,1.4473684210526316,0,0,0,0,0,0,0,0,0,0,0,0
TCGA-73-4676,1,0,0,0,0,0,0,0,0,0,0,0,0,0,1,0,0,0,0,1,1,302,0,0,0,1,0,1,0,0,2.0789473684210527,0,0,0,0,0,0,0,0,0,0,0,0
TCGA-73-4677,1,0,0,0,0,0,0,0,0,0,0,0,0,1,0,0,0,0,1,1,1,303,1,1,0,0,1,0,1,0,5.5,0,0,0,0,1,0,0,1,1,0,0,0
TCGA-73-7498,1,0,0,0,0,0,0,0,0,0,0,0,0,0,0,0,0,0,0,0,1,304,1,0,0,0,0,0,0,1,2.3157894736842106,0,0,0,0,1,0,0,1,0,0,0,1
TCGA-73-7499,0,0,0,0,0,0,0,0,0,0,0,0,0,0,0,0,0,0,0,0,1,305,0,0,0,0,0,1,0,0,1.236842105263158,0,0,1,0,0,0,0,0,0,0,0,0
TCGA-73-A9RS,0,0,0,1,0,0,0,0,1,1,0,0,0,0,0,0,0,0,1,1,1,306,0,1,0,0,0,0,1,0,21.57894736842105,0,0,0,1,1,0,1,1,1,1,0,0
TCGA-75-5122,0,0,0,0,0,0,1,0,0,0,0,0,1,0,0,0,0,0,0,0,0,307,0,0,1,0,0,0,0,0,1.8421052631578947,0,0,0,0,0,0,0,0,0,0,0,0
TCGA-75-5125,0,0,0,0,0,0,0,0,0,0,0,0,0,0,0,0,0,0,0,1,0,308,0,1,0,1,0,1,0,0,3.3421052631578947,0,0,0,0,0,0,0,0,0,0,0,0
TCGA-75-5126,0,0,0,0,0,0,0,0,0,0,0,0,0,0,0,0,0,1,0,0,0,309,1,1,0,0,1,0,0,0,10.473684210526315,1,0,0,0,1,0,0,0,1,1,0,1
TCGA-75-5146,0,0,0,0,0,0,0,0,0,0,0,0,0,0,0,1,0,0,0,0,0,310,0,0,0,0,0,1,0,0,4.342105263157895,0,0,0,0,1,0,0,1,0,0,0,0
TCGA-75-5147,0,0,0,0,0,0,0,0,0,0,0,0,0,0,0,0,0,0,0,0,0,311,0,0,0,0,0,1,0,0,0.8421052631578947,0,0,0,0,0,0,0,0,0,0,0,0
TCGA-75-6203,0,0,0,0,0,0,0,0,0,0,0,0,0,0,0,0,0,0,0,0,0,312,0,0,0,0,0,0,0,0,0.21052631578947367,0,0,0,0,0,0,0,0,1,0,0,0
TCGA-75-6205,0,0,0,0,0,0,0,0,0,0,0,0,0,0,0,0,0,0,0,0,0,313,0,0,0,0,0,0,0,0,0.5263157894736842,0,0,0,0,0,0,0,0,0,0,0,0
TCGA-75-6206,1,0,0,0,0,0,0,0,0,0,0,1,1,0,0,0,0,0,1,1,0,314,1,0,0,0,0,0,0,0,2.0789473684210527,0,0,0,0,0,0,0,0,0,1,0,0
TCGA-75-6207,0,0,0,0,0,0,0,0,0,0,0,0,0,0,0,0,0,0,0,0,0,315,0,0,0,0,0,1,0,0,1.4736842105263157,0,0,0,0,0,1,0,0,0,0,0,0
TCGA-75-6211,1,0,0,0,0,0,0,0,0,0,0,0,0,0,0,0,0,0,0,0,0,316,0,1,0,0,0,1,0,0,8.052631578947368,0,0,0,0,1,0,0,0,1,0,0,0
TCGA-75-6212,0,0,0,0,0,0,0,0,0,0,0,1,0,0,0,0,0,0,0,0,0,317,0,0,0,0,0,0,0,0,0.42105263157894735,0,0,0,0,0,1,0,0,0,0,0,0
TCGA-75-6214,0,1,0,1,0,0,0,0,0,0,0,0,0,0,0,0,0,0,1,0,1,318,0,1,0,1,0,1,0,0,14.473684210526315,1,0,0,1,1,0,0,0,1,1,0,0
TCGA-75-7025,0,0,0,0,0,0,0,0,0,0,0,0,0,0,0,0,0,0,0,0,0,319,0,0,0,0,0,0,0,0,0.5526315789473685,0,0,0,0,0,1,0,0,0,0,0,0
TCGA-75-7027,1,0,0,0,0,0,0,0,0,0,0,0,0,0,1,0,0,0,0,1,0,320,1,0,0,0,0,0,0,0,5.157894736842105,0,0,0,1,1,0,0,0,0,0,0,0
TCGA-75-7030,0,0,0,0,0,0,0,0,0,0,0,0,0,0,0,0,0,0,0,0,0,321,1,0,0,0,0,0,0,0,0.07894736842105263,0,0,0,0,0,0,0,0,0,0,0,0
TCGA-75-7031,0,0,0,1,0,0,0,0,0,0,0,0,0,0,0,0,0,0,0,0,1,322,0,0,0,0,0,1,0,0,4.5,0,0,0,0,0,0,0,1,1,0,0,0
TCGA-78-7145,0,0,0,0,0,0,0,0,0,0,0,0,0,0,0,0,0,0,0,1,0,323,1,1,0,0,0,1,0,0,4.2105263157894735,0,0,0,1,0,0,1,0,1,1,0,0
TCGA-78-7146,1,1,0,0,0,0,0,0,0,0,0,0,0,0,0,0,0,0,0,1,0,324,0,0,0,0,0,1,0,0,8.052631578947368,0,1,0,0,1,0,0,0,1,0,0,0
TCGA-78-7147,0,0,0,0,0,0,0,0,1,1,0,0,0,1,0,0,0,0,0,0,1,325,0,1,0,1,0,1,0,0,7.157894736842105,0,0,1,1,0,1,0,0,1,0,0,0
TCGA-78-7148,0,0,0,0,0,0,1,0,0,0,0,0,0,0,0,0,0,1,0,0,1,326,1,0,0,0,1,0,0,0,4.578947368421052,0,0,1,0,1,0,0,1,1,0,0,0
TCGA-78-7149,1,0,0,0,0,0,0,0,0,0,0,0,0,0,0,0,0,0,0,0,0,327,0,0,0,0,0,0,0,0,2.710526315789474,0,0,0,0,0,0,0,0,0,0,0,0
TCGA-78-7150,0,0,0,0,0,0,0,0,0,0,0,0,0,0,0,0,0,0,0,0,1,328,0,1,0,0,0,1,0,0,8.947368421052632,0,0,0,0,0,0,1,0,1,0,0,0
TCGA-78-7152,0,0,0,0,0,0,0,0,0,0,0,0,0,0,0,0,0,0,0,0,0,329,0,1,0,0,0,0,0,0,3.5789473684210527,1,0,1,1,0,0,1,1,0,0,1,0
TCGA-78-7153,1,0,0,0,0,0,0,0,0,0,0,0,0,0,0,0,0,0,0,0,0,330,0,0,0,0,0,0,1,0,1.9210526315789473,0,0,0,0,0,0,0,0,0,0,0,0
TCGA-78-7156,1,0,0,0,0,0,0,0,0,0,0,0,0,1,0,1,0,0,0,1,0,333,0,0,0,0,0,0,0,0,5.842105263157895,0,1,1,0,0,0,0,1,0,0,0,0
TCGA-78-7158,1,0,0,0,0,0,0,0,0,0,0,0,0,0,0,0,0,0,1,1,0,334,0,0,0,0,0,0,0,0,5.131578947368421,0,0,0,0,1,1,0,0,1,0,0,0
TCGA-78-7159,0,1,0,1,0,0,0,0,0,0,0,1,0,0,0,0,0,0,0,0,1,335,0,0,0,1,0,0,0,0,6.657894736842105,0,0,0,0,1,0,0,1,0,1,0,0
TCGA-78-7160,0,0,0,0,0,0,0,0,0,0,0,0,0,0,0,0,0,0,0,0,0,336,1,0,0,0,0,0,1,0,0.5526315789473685,0,0,0,1,0,0,0,1,0,0,1,0
TCGA-78-7161,0,0,0,0,0,0,0,0,0,1,0,0,0,0,0,0,0,0,1,1,1,337,1,1,0,0,1,0,0,0,4.026315789473684,0,0,0,1,1,0,0,1,1,0,0,0
TCGA-78-7162,1,0,0,0,0,0,0,0,0,0,0,0,0,0,0,0,0,0,1,1,0,338,0,0,0,0,0,0,0,0,1.0263157894736843,0,0,0,0,0,0,0,0,0,0,0,0
TCGA-78-7163,0,0,0,0,0,0,0,0,0,0,0,0,0,0,0,1,0,0,0,1,0,339,0,0,0,0,0,0,0,0,0.39473684210526316,0,0,0,0,0,0,0,0,0,0,0,0
TCGA-78-7166,1,0,0,0,0,0,0,0,0,0,0,0,0,0,0,0,0,0,0,0,1,340,1,0,0,0,1,0,0,0,4.842105263157895,0,0,1,0,0,0,0,1,0,1,0,0
TCGA-78-7167,1,0,0,0,0,0,0,0,0,0,0,0,0,0,0,0,0,0,0,0,0,341,1,0,0,0,0,0,0,0,2.5526315789473686,1,0,0,0,0,0,0,0,0,0,0,1
TCGA-78-7220,0,0,1,1,0,0,0,0,0,0,0,0,1,0,0,0,0,0,1,1,0,342,0,1,0,0,0,1,0,0,18.36842105263158,0,0,0,0,1,0,1,1,1,1,0,1
TCGA-78-7535,0,1,0,0,0,0,0,0,0,0,0,0,0,0,0,0,0,0,0,1,0,343,0,1,0,0,0,1,0,0,3.5789473684210527,0,0,0,0,0,0,0,1,0,0,0,0
TCGA-78-7536,0,0,0,0,0,1,0,0,0,1,0,0,0,0,0,0,0,0,0,1,1,344,0,1,1,0,0,1,0,0,13.342105263157896,1,1,0,0,1,0,0,0,1,0,0,0
TCGA-78-7537,0,0,0,1,0,0,0,0,0,0,0,0,0,0,0,0,0,0,0,1,0,345,0,0,0,0,0,0,0,0,3.236842105263158,0,0,0,0,1,0,0,0,0,0,0,0
TCGA-78-7539,0,0,0,1,0,0,0,0,0,1,1,0,0,0,0,0,0,0,0,0,1,346,1,1,0,1,0,0,0,0,9.605263157894736,1,0,0,0,0,0,0,0,1,0,0,0
TCGA-78-8640,0,0,1,1,0,0,1,0,1,0,0,1,0,0,0,0,0,0,0,1,1,350,0,1,0,1,0,1,0,1,15.131578947368421,0,0,0,0,1,0,0,0,1,1,0,0
TCGA-78-8648,0,0,0,0,0,0,0,0,0,0,0,0,0,0,0,0,0,0,0,0,0,351,0,0,0,0,0,0,0,0,0.07894736842105263,0,0,0,0,0,0,0,0,0,0,0,0
TCGA-78-8655,0,0,0,0,0,0,0,0,0,0,0,0,0,0,0,0,0,0,1,0,1,352,1,0,0,0,0,0,0,0,2.3947368421052633,1,1,0,0,0,0,0,0,0,0,0,0
TCGA-78-8660,0,0,0,0,0,0,0,0,0,0,0,0,0,0,0,0,0,0,0,0,1,353,0,0,0,0,0,1,0,1,4.657894736842105,0,0,0,0,0,0,0,0,1,0,0,0
TCGA-78-8662,0,0,0,0,0,0,0,0,0,0,0,0,0,0,0,0,0,1,0,1,1,354,0,1,0,1,0,1,0,0,25.36842105263158,0,0,1,0,1,0,0,0,1,1,0,1
TCGA-80-5607,0,0,0,0,0,0,0,0,0,0,0,0,0,0,0,0,0,1,0,0,0,355,0,0,0,0,0,0,0,0,2.763157894736842,0,0,0,0,0,0,0,0,0,0,0,0
TCGA-80-5608,0,0,0,0,0,0,0,0,0,0,0,0,1,0,0,0,0,0,0,0,1,356,1,0,0,0,0,0,0,0,3.5526315789473686,0,0,0,0,0,0,0,1,0,1,0,0
TCGA-80-5611,0,0,0,0,0,0,0,0,0,0,0,0,0,0,0,0,0,0,0,1,0,357,0,0,0,0,0,0,0,1,4.2631578947368425,1,0,1,1,0,0,0,0,1,0,0,0
TCGA-83-5908,0,0,0,0,0,0,0,0,0,0,0,0,0,0,0,0,0,0,0,0,0,358,1,0,0,0,0,1,0,0,4.631578947368421,0,1,0,0,0,0,0,0,1,0,0,0
TCGA-86-6562,0,0,0,0,0,0,0,0,0,0,0,0,0,0,0,0,0,0,0,0,0,359,0,0,0,0,0,0,0,0,0.9210526315789473,0,0,0,0,0,0,0,0,0,0,0,0
TCGA-86-6851,0,0,1,0,0,0,0,1,0,1,0,0,0,0,0,0,0,0,0,1,1,360,0,0,0,0,0,1,0,0,19.36842105263158,0,1,1,0,1,0,1,0,1,1,0,1
TCGA-86-7701,0,0,0,0,0,0,0,0,0,0,0,0,0,0,0,0,0,0,0,1,0,361,0,1,0,0,0,1,0,0,4.052631578947368,0,1,0,0,0,0,0,0,0,0,0,0
TCGA-86-7711,0,0,0,0,0,0,1,0,0,0,0,0,0,0,0,0,0,0,0,0,0,362,0,0,0,0,0,1,0,0,4.552631578947368,0,0,1,0,0,0,0,0,0,0,0,0
TCGA-86-7713,0,0,0,0,0,0,0,0,0,0,0,0,0,0,0,0,0,0,0,0,0,363,1,0,1,0,0,0,0,1,3.5789473684210527,0,0,0,0,1,0,0,1,0,0,0,0
TCGA-86-7714,0,0,0,0,0,0,0,0,0,0,0,0,0,0,0,0,0,0,0,0,0,364,0,0,0,0,0,0,0,0,1.7105263157894737,0,1,0,0,0,0,0,0,0,0,0,1
TCGA-86-7953,0,0,0,0,0,0,0,0,0,0,0,0,0,0,0,0,0,0,0,0,0,365,1,0,0,0,0,0,0,0,1.0,0,0,0,0,0,0,0,0,0,0,0,0
TCGA-86-7954,0,0,0,1,0,0,0,0,0,0,0,0,0,0,0,0,0,0,0,0,0,366,0,0,0,0,1,1,0,0,3.1052631578947367,0,0,0,0,1,0,0,0,0,0,0,0
TCGA-86-7955,0,0,0,0,0,0,0,1,0,0,0,0,0,1,0,0,0,0,0,0,0,367,0,0,0,0,0,0,0,0,6.894736842105263,0,0,0,0,0,0,0,0,1,0,0,0
TCGA-86-8054,0,0,0,0,0,0,0,0,0,0,0,0,0,0,0,0,0,0,1,1,0,368,1,1,0,0,1,0,0,0,5.0,0,0,0,0,1,0,0,1,0,0,1,0
TCGA-86-8055,0,0,0,0,0,0,0,0,0,0,0,0,0,0,0,0,0,0,1,0,0,369,0,1,0,0,0,1,0,0,0.631578947368421,0,0,0,0,0,1,0,0,0,0,1,0
TCGA-86-8073,0,0,0,1,0,0,0,0,0,0,0,0,0,1,0,0,0,0,1,1,1,371,0,1,0,0,1,1,1,0,28.86842105263158,1,1,0,1,1,0,0,0,1,0,0,0
TCGA-86-8075,0,0,0,0,0,0,0,0,0,0,0,0,0,0,0,0,0,0,0,0,0,373,0,0,0,0,0,1,0,0,1.0,0,0,0,0,0,1,0,0,0,0,0,0
TCGA-86-8076,0,0,0,0,0,0,0,0,0,0,0,0,0,0,0,0,0,0,0,0,1,374,1,0,0,0,1,0,0,0,1.105263157894737,0,0,0,0,0,0,0,0,0,0,0,0
TCGA-86-8278,0,0,0,0,0,0,0,0,0,0,0,1,0,0,0,0,0,0,0,0,0,375,0,0,0,0,0,0,0,0,1.236842105263158,0,0,0,0,0,0,0,0,0,0,1,0
TCGA-86-8279,0,0,0,0,0,0,0,0,0,0,0,0,0,0,1,0,0,0,0,1,1,376,0,1,0,1,0,1,0,0,11.18421052631579,0,0,0,1,0,0,0,0,1,1,1,0
TCGA-86-8280,0,0,0,0,0,0,0,0,0,0,0,0,0,0,0,0,0,0,0,0,0,377,0,0,0,0,0,1,0,0,0.7894736842105263,0,0,0,0,0,1,0,0,0,0,0,0
TCGA-86-8358,1,0,0,0,0,0,0,0,0,0,1,0,1,0,0,1,1,0,0,1,1,379,0,1,0,0,0,1,0,0,23.92105263157895,1,0,1,0,0,0,0,0,1,0,1,0
TCGA-86-8585,0,0,0,1,0,0,0,0,0,0,0,0,0,0,0,0,0,0,0,1,1,381,0,1,0,0,0,1,0,1,11.947368421052632,0,1,1,1,1,0,0,0,1,0,0,0
TCGA-86-8668,0,0,0,0,0,0,0,0,0,0,0,0,0,0,0,0,0,0,0,0,0,382,0,0,0,0,0,0,0,0,0.631578947368421,0,0,0,0,0,1,0,0,0,0,0,0
TCGA-86-8669,0,0,0,0,0,0,0,0,0,0,0,0,0,0,0,0,0,0,0,0,0,383,0,1,0,0,0,0,0,0,2.6315789473684212,0,0,0,0,0,0,0,0,0,0,0,0
TCGA-86-8671,0,0,0,0,0,0,0,0,0,0,0,0,0,0,0,0,0,0,0,0,0,384,0,0,0,0,0,0,0,0,0.18421052631578946,0,0,0,0,0,0,0,0,0,0,0,0
TCGA-86-8672,1,0,0,0,0,0,0,0,0,0,0,0,0,0,0,1,0,0,0,1,1,385,0,0,0,0,1,1,0,0,5.7105263157894735,1,0,0,0,0,0,0,0,0,1,0,0
TCGA-86-8673,0,0,0,0,0,0,1,0,0,0,0,0,1,0,0,0,0,0,0,1,1,386,0,1,0,0,0,1,0,0,10.131578947368421,0,0,0,0,0,0,0,0,1,1,0,0
TCGA-86-8674,1,0,0,1,0,0,1,0,1,0,0,0,1,0,0,0,0,0,1,0,1,387,1,0,0,0,0,0,0,0,6.947368421052632,0,0,0,0,1,0,0,0,0,0,0,0
TCGA-86-A456,0,1,0,0,0,0,0,1,0,0,0,0,1,0,0,0,0,0,1,1,0,388,1,1,0,0,0,0,0,0,6.7368421052631575,0,0,0,0,1,0,0,0,1,1,0,0
TCGA-86-A4JF,0,0,0,0,0,0,0,0,0,0,1,0,1,1,0,0,0,0,0,1,1,389,1,1,0,1,1,1,0,0,25.68421052631579,0,1,1,0,1,0,0,0,1,0,1,0
TCGA-86-A4P7,0,0,0,0,0,0,0,0,0,0,0,0,0,0,0,0,0,0,0,0,0,390,0,0,0,0,0,0,0,0,0.8157894736842105,0,0,0,0,0,1,0,0,0,0,0,0
TCGA-91-6828,0,0,0,0,0,0,0,0,0,0,0,0,0,0,0,0,0,0,0,0,0,391,1,1,0,0,0,0,0,0,5.657894736842105,0,0,0,0,0,0,0,0,0,0,0,0
TCGA-91-6829,0,0,0,1,0,0,1,0,0,0,0,0,1,0,0,0,0,1,1,0,0,392,0,1,0,0,1,0,0,0,13.394736842105264,0,0,0,0,1,0,0,0,1,0,0,0
TCGA-91-6830,0,0,0,0,1,0,0,0,0,0,0,0,0,0,0,0,0,0,0,0,0,393,0,0,0,0,0,0,0,0,3.236842105263158,0,0,1,0,0,0,0,0,0,0,0,0
TCGA-91-6831,0,0,0,0,0,0,0,0,0,0,0,0,0,0,0,0,0,0,1,1,0,394,0,1,0,0,0,1,0,0,6.157894736842105,0,0,0,0,0,0,0,0,1,0,0,0
TCGA-91-6835,0,0,0,0,0,0,0,0,0,0,0,0,0,0,0,0,0,0,0,1,0,395,0,1,0,0,0,0,0,0,0.8421052631578947,0,0,0,0,0,1,0,0,0,0,0,1
TCGA-91-6836,0,0,0,0,1,0,0,0,0,0,0,0,0,0,0,0,0,0,0,0,0,396,1,1,0,0,1,1,0,0,10.31578947368421,0,0,1,1,0,0,0,0,1,1,1,0
TCGA-91-6840,0,0,0,0,0,0,1,0,0,0,0,0,0,0,0,0,0,0,0,0,0,397,0,0,0,0,0,1,0,0,2.6052631578947367,0,0,0,0,0,0,0,0,1,0,1,0
TCGA-91-6847,0,0,0,0,0,0,0,0,0,0,0,0,0,0,0,0,0,0,0,0,1,398,0,0,0,0,0,1,0,0,1.105263157894737,0,0,0,0,0,0,0,0,0,0,0,0
TCGA-91-6848,1,0,0,0,0,0,0,0,1,0,0,0,0,0,0,0,1,0,0,1,1,399,0,0,0,1,0,1,0,0,12.342105263157896,0,0,1,1,0,0,0,0,1,0,0,0
TCGA-91-7771,0,0,0,0,0,1,0,0,0,1,0,0,0,0,0,0,0,0,0,0,0,401,0,0,0,0,1,0,0,0,3.0526315789473686,0,0,0,0,0,0,0,1,1,0,0,0
TCGA-91-8496,0,0,0,0,0,0,0,0,0,0,0,0,0,0,0,0,0,0,0,0,0,402,0,0,0,0,0,0,0,0,0.39473684210526316,0,0,0,0,0,0,0,0,0,0,0,0
TCGA-91-8497,0,0,0,0,0,0,0,0,0,0,0,0,0,0,0,0,0,0,0,0,0,403,0,0,0,0,0,0,0,0,0.6842105263157895,0,0,0,0,0,0,0,0,0,0,0,0
TCGA-91-8499,0,0,0,0,0,0,0,0,0,0,0,0,0,0,0,0,1,0,0,1,0,404,0,0,0,0,0,1,0,0,7.2105263157894735,0,1,0,0,0,0,0,0,1,0,0,0
TCGA-91-A4BD,0,0,0,0,0,0,0,0,0,0,0,0,0,0,0,0,0,0,0,0,0,406,0,0,0,0,0,0,0,0,0.42105263157894735,0,0,0,0,0,0,0,0,0,0,0,0
TCGA-93-7347,0,0,0,0,0,0,0,0,0,0,0,0,0,0,0,0,0,0,0,0,1,407,0,0,0,0,0,0,0,0,1.9210526315789473,1,0,0,0,0,0,0,0,0,1,1,0
TCGA-93-7348,0,0,0,0,0,0,0,0,0,0,0,0,0,0,0,1,0,0,0,0,0,408,0,0,0,0,0,0,0,0,1.8157894736842106,1,0,0,0,0,0,0,0,0,0,0,0
TCGA-93-8067,0,0,0,0,0,0,0,0,0,0,0,0,0,0,0,0,0,0,0,1,0,409,1,1,0,1,0,1,0,0,10.736842105263158,0,0,0,1,1,0,0,0,1,1,0,0
TCGA-93-A4JN,0,0,0,0,0,0,0,0,0,0,0,0,0,0,0,0,0,0,0,0,0,410,0,0,0,0,0,1,0,0,1.3421052631578947,1,0,0,0,1,0,0,0,0,0,0,0
TCGA-93-A4JO,0,0,0,0,0,0,0,0,0,0,0,0,0,0,0,0,0,0,1,0,0,411,1,0,0,0,0,0,0,0,0.5,0,0,0,0,0,0,0,0,1,0,0,0
TCGA-93-A4JP,0,0,0,0,0,0,0,0,0,0,0,0,0,0,0,0,0,0,0,0,0,412,0,0,0,0,0,1,0,0,0.47368421052631576,0,0,0,0,0,0,0,0,0,0,0,0
TCGA-93-A4JQ,0,0,0,0,0,0,0,0,0,0,0,0,0,0,0,0,0,0,0,0,0,413,0,0,0,0,0,0,0,0,0.9210526315789473,0,0,0,0,0,0,0,0,0,0,0,0
TCGA-95-7039,0,0,0,0,1,1,0,0,1,1,0,0,0,1,1,0,0,0,1,1,1,414,1,1,1,1,1,1,0,0,27.81578947368421,0,0,0,1,1,1,0,0,1,1,0,0
TCGA-95-7562,0,0,0,0,1,0,0,0,0,0,1,0,0,0,0,0,0,0,0,0,0,416,1,1,1,0,1,1,0,0,9.605263157894736,0,0,0,0,0,0,0,0,0,1,0,0
TCGA-95-7567,0,0,0,0,0,0,0,0,0,0,0,1,0,0,0,0,0,0,1,1,1,417,1,1,1,1,1,1,0,0,18.342105263157894,0,0,1,0,0,0,0,0,1,1,1,1
TCGA-95-7944,0,0,0,0,0,0,0,1,0,0,0,0,0,0,0,0,0,0,0,0,1,418,0,0,0,0,0,1,0,1,4.894736842105263,0,0,0,0,0,0,0,0,0,0,0,0
TCGA-95-7947,1,0,1,0,1,0,1,0,0,0,0,0,0,0,0,0,0,0,0,0,0,419,0,1,0,0,0,1,0,0,11.947368421052632,0,0,0,0,1,1,0,0,1,0,0,1
TCGA-95-7948,0,0,0,0,0,0,0,0,0,0,0,0,0,0,0,0,0,0,0,0,0,420,0,0,0,0,0,0,0,0,2.973684210526316,0,0,0,0,0,0,0,0,0,0,0,0
TCGA-95-8039,0,0,0,0,0,0,0,0,0,0,0,0,0,0,0,0,0,0,0,0,0,421,0,0,0,1,0,1,0,0,2.0526315789473686,0,0,0,0,0,0,0,0,0,0,0,0
TCGA-95-8494,0,0,0,0,1,0,0,0,0,0,0,0,0,0,0,0,0,0,0,0,0,422,0,0,0,0,0,1,0,0,2.0789473684210527,0,0,0,0,0,0,0,0,1,0,0,0
TCGA-95-A4VK,0,0,0,0,0,0,0,1,0,1,0,0,0,0,0,0,0,1,0,0,0,423,1,1,0,0,1,0,0,0,5.526315789473684,0,0,0,0,0,0,0,0,0,1,0,0
TCGA-95-A4VN,0,0,0,0,0,0,0,0,0,0,1,0,1,0,0,1,0,0,0,1,1,424,1,1,0,0,0,0,0,0,7.2894736842105265,0,0,0,0,1,0,0,0,1,0,0,0
TCGA-95-A4VP,0,0,0,0,0,0,0,0,0,0,0,0,0,0,0,0,0,0,0,0,1,425,1,0,0,0,0,0,0,0,2.3947368421052633,0,0,0,0,0,0,0,1,0,0,0,0
TCGA-97-7546,0,1,0,1,0,0,0,0,0,0,0,0,0,0,0,0,0,0,0,1,1,426,0,1,0,0,0,0,0,0,6.184210526315789,0,0,1,0,1,0,0,0,0,0,0,0
TCGA-97-7547,0,0,0,0,0,0,0,0,0,0,0,0,0,0,0,0,0,0,1,0,1,427,0,0,0,0,0,0,0,0,3.5,0,0,0,0,1,0,0,0,1,0,0,0
TCGA-97-7552,0,0,0,0,0,0,0,0,0,0,0,0,0,0,0,0,0,0,0,0,0,428,0,0,0,0,0,0,0,0,0.47368421052631576,0,0,0,0,0,0,0,0,0,0,0,0
TCGA-97-7553,0,0,0,0,0,0,0,0,0,0,0,0,0,0,0,0,0,0,0,0,0,429,0,0,0,0,0,1,0,0,0.9210526315789473,0,0,0,0,0,0,0,0,0,0,0,1
TCGA-97-7554,0,0,0,0,0,0,0,0,0,0,0,0,0,0,0,0,0,0,1,1,1,430,1,0,0,1,0,1,0,0,9.473684210526315,1,0,0,1,0,0,0,0,1,1,0,0
TCGA-97-7937,0,0,0,0,0,0,0,0,0,0,1,0,0,0,0,1,0,0,0,1,1,431,0,1,0,1,0,1,0,0,10.710526315789474,0,0,0,0,0,0,0,0,1,1,0,0
TCGA-97-7938,0,0,0,0,0,0,0,0,0,0,1,0,0,0,0,0,0,0,0,1,0,432,1,0,0,0,0,0,1,0,8.894736842105264,0,0,0,0,0,0,1,0,0,1,0,0
TCGA-97-7941,0,0,0,0,0,0,0,0,0,0,0,0,0,0,0,0,0,0,0,0,0,433,1,0,0,0,0,0,0,0,1.6578947368421053,0,0,0,0,0,0,0,0,0,0,0,0
TCGA-97-8171,0,0,0,0,0,0,0,0,0,0,0,0,0,0,0,0,0,0,0,1,0,434,0,0,0,0,0,0,0,0,1.105263157894737,0,0,0,0,0,1,1,0,0,0,0,0
TCGA-97-8172,0,0,0,0,0,0,0,0,0,0,0,0,0,0,0,0,0,0,0,0,1,435,0,1,0,0,0,0,0,0,5.921052631578948,1,0,1,1,0,0,0,0,0,0,0,0
TCGA-97-8174,0,0,0,0,0,0,0,0,0,0,0,0,0,0,0,0,0,0,0,0,0,436,0,0,0,1,0,0,0,0,3.3684210526315788,0,0,0,0,0,0,0,0,0,0,0,0
TCGA-97-8175,0,0,0,0,0,0,0,0,0,0,0,0,0,0,0,0,0,0,0,0,0,437,0,0,0,0,0,1,0,0,0.5789473684210527,0,0,0,0,0,0,0,0,0,0,0,0
TCGA-97-8176,1,0,0,0,0,0,0,0,0,0,0,0,0,0,0,1,0,0,1,0,0,438,1,0,0,1,0,0,0,0,3.1578947368421053,0,0,0,0,0,0,0,0,0,0,0,0
TCGA-97-8177,0,0,0,0,0,0,0,0,0,0,0,0,0,0,0,0,0,0,0,0,0,439,0,0,0,0,0,0,0,0,0.42105263157894735,0,0,0,0,0,1,0,0,0,0,0,0
TCGA-97-8179,1,0,0,0,0,0,0,0,0,0,0,0,0,0,0,0,0,0,0,0,1,440,1,1,0,0,0,1,0,0,3.8684210526315788,0,0,1,1,0,0,0,1,0,0,0,0
TCGA-97-8547,0,0,0,0,0,0,0,0,0,0,0,0,0,0,1,0,0,0,0,1,0,441,0,1,0,0,1,1,0,0,1.236842105263158,0,0,0,0,0,1,0,0,0,0,0,0
TCGA-97-8552,0,0,0,0,0,0,0,0,0,0,0,0,0,0,0,0,0,0,0,0,0,442,0,0,0,0,0,0,0,0,0.5,0,0,0,0,0,1,0,0,0,0,0,0
TCGA-97-A4LX,0,0,0,0,0,0,0,0,0,0,0,0,0,0,0,0,0,0,0,0,0,443,0,0,0,0,0,0,0,0,2.1315789473684212,0,0,1,0,0,0,0,0,0,1,0,0
TCGA-97-A4M0,0,0,0,0,1,0,0,0,0,0,1,0,1,0,1,0,0,0,0,1,0,444,1,0,0,0,0,0,0,0,8.81578947368421,1,0,0,1,1,0,0,0,0,0,0,1
TCGA-97-A4M1,0,0,0,0,0,0,0,0,0,0,0,0,0,0,0,0,0,0,0,0,0,445,0,0,0,0,0,1,0,0,0.6842105263157895,0,0,0,0,0,1,0,0,1,0,0,0
TCGA-97-A4M2,0,0,0,0,0,0,0,0,0,0,0,0,0,0,0,0,0,0,0,0,0,446,0,0,0,0,0,0,0,0,0.07894736842105263,0,0,0,0,0,0,0,0,0,0,1,0
TCGA-97-A4M3,1,0,0,0,0,0,0,1,0,1,0,0,0,0,0,0,0,0,0,0,0,447,0,1,0,0,0,0,0,0,4.631578947368421,0,0,0,1,0,0,0,1,0,1,0,0
TCGA-97-A4M5,0,0,0,0,0,0,0,0,0,0,0,0,0,0,0,0,0,0,0,0,0,448,1,0,0,0,0,0,0,0,2.3421052631578947,0,0,0,0,0,0,0,0,0,0,0,0
TCGA-97-A4M6,0,0,0,0,0,0,0,0,0,0,0,0,0,0,0,0,0,0,0,0,0,449,0,0,0,0,0,0,0,0,0.631578947368421,0,0,0,0,0,1,0,0,0,1,0,0
TCGA-97-A4M7,0,0,0,0,1,0,0,0,0,0,1,0,1,0,0,0,0,0,0,1,0,450,0,0,0,0,0,0,0,0,5.921052631578948,0,0,0,0,1,1,0,0,0,0,0,0
TCGA-99-7458,0,0,1,0,0,0,0,0,0,0,0,0,0,0,0,0,0,0,0,1,1,451,0,0,1,1,0,1,0,0,10.157894736842104,0,1,1,0,1,0,0,0,1,0,0,0
TCGA-99-8025,0,0,0,0,0,0,0,0,1,0,0,0,0,0,1,0,0,0,1,0,1,452,1,0,1,0,0,1,0,1,10.026315789473685,1,0,0,1,1,0,0,0,0,1,1,1
TCGA-99-8028,0,0,0,0,0,0,0,0,0,0,0,0,0,0,0,0,0,0,0,1,0,453,1,0,0,0,0,1,0,0,3.236842105263158,0,0,0,1,1,0,0,0,0,1,0,0
TCGA-99-8032,0,0,0,0,0,0,0,0,1,1,0,0,0,0,0,0,0,0,1,0,1,454,1,0,0,0,1,0,0,0,8.052631578947368,0,0,0,0,0,0,1,1,1,1,0,0
TCGA-99-8033,1,0,1,0,1,0,0,0,0,0,1,0,0,0,0,0,0,0,1,0,0,455,0,0,0,0,0,1,0,0,3.6578947368421053,0,1,0,0,0,0,0,0,0,0,0,0
TCGA-99-AA5R,0,0,0,0,0,0,0,0,0,0,0,0,0,0,0,0,0,0,0,0,0,456,0,0,0,0,0,0,0,0,0.18421052631578946,0,0,0,0,0,0,0,0,0,0,0,1
TCGA-J2-8192,0,0,0,0,0,0,0,0,0,0,0,0,0,0,0,0,0,0,0,0,0,457,0,0,0,0,0,0,0,0,1.4473684210526316,0,0,0,0,0,1,0,0,0,0,0,0
TCGA-J2-8194,1,0,0,1,0,0,0,0,0,0,0,0,0,0,0,0,0,0,0,1,0,458,1,1,0,0,0,0,0,0,3.3421052631578947,0,0,0,0,0,0,0,1,0,0,0,0
TCGA-J2-A4AD,0,0,0,0,0,0,0,0,0,0,0,0,0,0,0,0,0,0,0,0,1,459,0,0,0,0,0,1,0,0,5.578947368421052,0,0,0,0,0,0,0,0,1,1,0,0
TCGA-J2-A4AE,0,0,0,0,0,0,0,0,0,0,0,0,0,0,0,0,0,0,0,0,0,460,0,0,0,0,0,0,0,0,0.7368421052631579,0,0,0,0,0,0,0,0,0,0,0,0
TCGA-J2-A4AG,0,0,0,0,0,0,0,0,0,0,0,0,0,0,0,1,0,0,0,1,0,461,1,0,0,0,0,0,0,0,1.3157894736842106,0,0,0,0,0,0,0,0,0,1,0,0
TCGA-L4-A4E5,0,0,0,0,0,0,0,1,0,0,0,1,0,0,0,0,1,0,1,0,1,462,0,1,0,0,0,1,0,0,7.5,0,0,1,0,0,0,1,0,0,1,0,1
TCGA-L4-A4E6,0,0,0,0,0,0,0,0,0,0,0,0,0,0,0,0,0,0,0,0,0,463,0,0,0,0,0,0,0,0,0.07894736842105263,0,0,0,0,0,0,0,0,0,0,0,0
TCGA-L9-A443,0,0,0,0,0,0,0,0,0,0,0,0,0,0,0,0,1,0,0,0,1,464,1,0,0,0,0,0,0,0,5.7105263157894735,0,1,0,0,0,0,0,0,0,1,0,0
TCGA-L9-A444,0,0,0,1,0,1,0,0,0,0,0,0,0,0,0,0,1,0,0,1,0,465,0,1,0,1,0,1,0,1,11.210526315789474,0,0,0,0,0,0,0,0,0,1,0,0
TCGA-L9-A50W,0,0,0,0,0,0,0,0,0,0,0,0,0,0,0,0,0,0,0,1,0,466,0,0,0,0,0,0,0,0,0.7368421052631579,0,0,0,0,0,1,0,0,1,0,0,0
TCGA-L9-A5IP,0,0,0,1,0,1,0,0,1,0,0,0,1,1,0,0,0,0,0,1,1,467,0,0,0,1,0,1,0,0,6.5,0,0,1,0,1,0,1,0,0,0,0,0
TCGA-L9-A743,0,0,0,0,0,0,0,0,0,0,0,0,0,0,0,0,0,1,0,0,0,468,0,0,0,0,1,1,0,0,1.3421052631578947,0,0,0,0,0,0,0,0,0,0,0,0
TCGA-L9-A7SV,0,0,0,1,0,1,0,1,0,1,1,1,0,1,1,0,0,1,1,1,1,469,0,1,1,1,0,1,1,1,34.921052631578945,1,1,0,0,1,0,0,0,1,1,0,0
TCGA-L9-A8F4,0,0,0,0,0,0,0,0,0,0,0,1,1,0,0,0,0,1,0,1,1,470,0,1,0,1,0,1,0,0,16.210526315789473,1,0,0,1,1,0,0,1,1,1,0,0
TCGA-MN-A4N1,0,0,0,0,0,0,1,0,0,0,0,0,0,0,0,0,0,0,1,0,1,471,0,1,0,1,0,1,0,0,9.368421052631579,0,0,1,1,0,0,0,0,1,1,0,0
TCGA-MN-A4N4,0,0,1,0,1,0,0,0,0,0,0,0,0,0,0,0,0,0,1,1,1,472,0,1,1,0,0,1,0,0,26.94736842105263,1,1,1,0,1,0,1,0,1,1,0,0
TCGA-MN-A4N5,0,0,0,0,0,0,1,0,0,0,1,0,1,0,0,0,0,0,1,1,0,473,1,0,0,1,0,1,0,0,9.605263157894736,1,1,1,1,1,0,0,0,1,0,1,0
TCGA-MP-A4SV,0,0,0,0,0,1,0,1,0,0,0,0,0,0,0,0,0,0,0,0,1,474,0,0,0,0,0,1,0,0,4.894736842105263,0,1,0,0,1,0,0,0,0,0,0,0
TCGA-MP-A4SW,0,0,0,0,0,0,0,0,0,0,1,0,0,0,0,0,0,0,0,0,0,475,0,0,0,0,0,0,0,1,1.0263157894736843,0,0,0,0,0,1,0,0,1,0,0,0
TCGA-MP-A4SY,0,0,0,0,0,0,0,0,0,0,0,0,0,0,1,0,0,0,0,0,0,476,1,1,0,0,0,0,0,0,2.5526315789473686,0,1,0,0,0,0,0,0,1,0,0,0
TCGA-MP-A4T2,0,0,0,0,0,0,0,0,0,0,0,0,0,0,0,0,0,0,0,0,0,477,0,0,0,0,0,0,0,0,1.2894736842105263,0,0,0,0,0,0,0,0,0,0,0,0
TCGA-MP-A4T4,0,0,0,0,0,0,0,0,0,0,1,0,0,1,0,0,0,0,1,0,1,478,1,0,0,1,1,0,1,0,6.394736842105263,0,1,0,0,0,0,0,0,0,1,0,0
TCGA-MP-A4T6,0,0,0,0,0,0,0,0,0,0,0,0,0,0,0,0,0,0,0,0,0,479,0,0,0,0,0,0,0,0,1.263157894736842,0,0,0,0,0,1,0,0,0,0,0,0
TCGA-MP-A4T7,1,0,0,0,0,0,0,0,0,0,0,0,0,0,0,0,0,0,0,0,0,480,1,0,0,0,1,0,0,0,2.973684210526316,0,0,0,0,0,0,0,0,0,0,0,0
TCGA-MP-A4T8,0,0,0,0,0,0,0,0,0,0,0,0,0,0,0,0,0,0,1,0,0,481,1,0,0,0,1,0,0,0,2.6842105263157894,0,0,0,0,0,0,0,0,0,1,0,0
TCGA-MP-A4T9,0,0,0,0,0,0,0,0,0,0,0,0,0,0,0,0,0,0,0,0,0,482,0,0,0,0,0,0,0,0,0.23684210526315788,0,0,0,0,0,1,0,0,0,0,0,0
TCGA-MP-A4TA,0,0,1,0,0,0,0,0,1,0,0,1,0,0,0,0,0,0,1,0,1,483,0,0,0,0,0,1,0,0,6.815789473684211,0,0,0,1,0,0,1,0,1,0,1,0
TCGA-MP-A4TC,0,0,0,0,0,0,0,0,0,0,0,0,0,0,0,0,0,0,0,1,0,484,0,1,1,0,0,1,0,0,5.605263157894737,0,0,1,0,1,0,0,0,1,0,1,0
TCGA-MP-A4TD,0,0,0,0,0,0,0,0,0,0,0,0,0,0,0,0,0,0,0,0,0,485,1,0,0,0,0,0,0,0,1.4473684210526316,0,0,0,0,0,0,0,1,0,1,0,0
TCGA-MP-A4TE,1,0,0,0,0,0,0,0,0,0,0,0,0,0,0,0,0,0,0,0,0,486,1,0,0,0,0,0,0,0,2.973684210526316,0,0,0,0,0,0,0,1,1,0,0,0
TCGA-MP-A4TF,0,0,0,0,0,1,0,0,0,0,1,0,0,0,0,0,0,0,1,1,0,487,1,1,0,0,0,1,1,0,8.342105263157896,0,0,0,1,1,0,1,0,0,0,0,0
TCGA-MP-A4TH,0,0,0,0,0,0,0,0,0,0,0,0,0,0,0,0,0,0,0,0,0,488,0,0,0,0,0,0,0,0,2.5,0,0,0,0,1,0,1,0,1,1,0,0
TCGA-MP-A4TJ,0,0,0,0,0,0,0,0,0,0,0,0,0,0,0,0,0,0,0,0,0,490,0,0,0,0,0,0,0,0,1.3421052631578947,0,0,0,0,0,0,0,0,0,0,0,0
TCGA-MP-A4TK,0,0,0,0,0,0,0,0,0,1,0,0,0,0,0,1,0,0,1,1,0,491,1,0,0,0,0,1,0,0,6.526315789473684,0,0,0,0,1,0,1,0,0,0,0,0
TCGA-MP-A5C7,1,0,0,0,0,0,0,0,0,0,0,0,0,0,0,0,0,0,0,0,0,492,0,0,0,0,0,0,0,0,1.4736842105263157,0,0,0,0,1,0,0,0,0,0,0,0
TCGA-NJ-A4YF,0,0,0,0,0,0,0,1,0,0,1,1,1,0,1,0,0,0,1,1,1,493,0,1,0,0,0,1,1,0,13.342105263157896,1,0,0,0,1,0,0,1,1,1,0,0
TCGA-NJ-A4YG,0,0,0,0,0,0,0,0,0,0,0,0,0,0,0,0,0,0,0,0,1,494,1,1,0,0,0,0,0,0,2.1052631578947367,0,0,0,0,0,0,0,0,0,0,0,0
TCGA-NJ-A4YI,0,0,0,0,1,0,0,0,0,0,0,0,0,1,0,0,0,0,0,0,1,495,1,1,0,0,1,0,1,0,10.105263157894736,1,1,0,0,1,0,0,0,0,1,0,0
TCGA-NJ-A4YP,0,1,1,0,0,0,0,0,0,0,0,0,1,0,0,0,0,0,0,1,1,496,1,1,0,0,0,0,0,0,10.078947368421053,1,1,1,0,1,0,0,1,1,0,0,0
TCGA-NJ-A4YQ,1,0,0,0,0,0,0,0,0,1,0,0,0,1,0,0,0,0,0,1,1,497,0,0,1,1,1,0,0,0,21.105263157894736,0,0,1,0,1,0,0,0,1,1,0,1
TCGA-NJ-A55A,0,0,0,0,0,0,0,0,0,0,0,0,0,0,0,0,0,0,0,0,1,498,0,0,0,0,0,0,0,0,0.8157894736842105,1,0,0,0,0,0,0,0,1,0,0,0
TCGA-NJ-A55O,0,0,0,0,1,0,0,0,0,0,0,0,0,0,0,0,0,0,0,0,0,499,1,1,0,0,1,0,0,0,1.9473684210526316,0,0,1,0,0,0,0,1,0,0,0,0
TCGA-NJ-A55R,1,0,0,0,0,0,0,0,0,0,0,0,1,0,0,1,0,0,0,1,0,500,1,1,0,1,0,0,0,0,5.447368421052632,0,0,0,0,0,0,0,1,1,0,0,1
TCGA-NJ-A7XG,0,0,0,0,0,0,0,0,0,0,0,0,0,0,0,0,0,0,0,0,0,501,0,0,0,0,0,0,0,0,0.5526315789473685,0,0,0,0,0,0,0,0,0,0,0,0
TCGA-O1-A52J,0,0,0,0,0,0,0,0,0,0,0,0,0,0,0,1,1,0,0,0,0,502,0,0,1,0,0,1,0,0,3.6578947368421053,0,0,0,0,0,0,0,0,0,1,0,0
TCGA-S2-AA1A,0,0,0,0,0,0,0,0,0,0,0,0,0,0,0,0,0,0,0,0,0,503,0,1,0,0,0,0,0,0,2.3421052631578947,0,0,0,0,0,0,0,0,0,0,0,0
